mean_fit_time,std_fit_time,mean_score_time,std_score_time,param_criterion,param_max_depth,param_min_samples_leaf,param_min_samples_split,params,split0_test_score,split1_test_score,split2_test_score,mean_test_score,std_test_score,rank_test_score
0.004004081090291341,0.0021697803081571947,0.0005702972412109375,0.00011908015568427856,gini,3,1,2,"{'criterion': 'gini', 'max_depth': 3, 'min_samples_leaf': 1, 'min_samples_split': 2}",0.9247311827956989,0.9891304347826086,0.967391304347826,0.9604176406420445,0.02674932900378844,9
0.001486380894978841,0.000399885808135791,0.0008980433146158854,0.00036592720536791164,gini,3,1,5,"{'criterion': 'gini', 'max_depth': 3, 'min_samples_leaf': 1, 'min_samples_split': 5}",0.9247311827956989,0.9891304347826086,0.967391304347826,0.9604176406420445,0.02674932900378844,9
0.0010053316752115886,0.00011178964433963362,0.0006629625956217448,0.0003938009229176275,gini,3,1,10,"{'criterion': 'gini', 'max_depth': 3, 'min_samples_leaf': 1, 'min_samples_split': 10}",0.9247311827956989,0.9891304347826086,0.967391304347826,0.9604176406420445,0.02674932900378844,9
0.0018769900004069011,0.00021176977703166823,0.0008635520935058594,3.0968728792437585e-05,gini,3,1,20,"{'criterion': 'gini', 'max_depth': 3, 'min_samples_leaf': 1, 'min_samples_split': 20}",0.9247311827956989,0.9891304347826086,0.967391304347826,0.9604176406420445,0.02674932900378844,9
0.001352230707804362,0.0003508859688043287,0.0006709893544514974,0.000345779681682723,gini,3,2,2,"{'criterion': 'gini', 'max_depth': 3, 'min_samples_leaf': 2, 'min_samples_split': 2}",0.9139784946236559,0.9891304347826086,0.9565217391304348,0.9532102228455663,0.030769878479799208,43
0.0010587374369303386,6.206285914380965e-05,0.0007418791453043619,0.00047695255207831465,gini,3,2,5,"{'criterion': 'gini', 'max_depth': 3, 'min_samples_leaf': 2, 'min_samples_split': 5}",0.9139784946236559,0.9891304347826086,0.9565217391304348,0.9532102228455663,0.030769878479799208,43
0.0018616517384847004,0.000489709878472366,0.0006993611653645834,0.00024105461199330465,gini,3,2,10,"{'criterion': 'gini', 'max_depth': 3, 'min_samples_leaf': 2, 'min_samples_split': 10}",0.9139784946236559,0.9891304347826086,0.9565217391304348,0.9532102228455663,0.030769878479799208,43
0.0016048749287923176,0.0005932199323136134,0.0007526874542236328,0.00028863153147617933,gini,3,2,20,"{'criterion': 'gini', 'max_depth': 3, 'min_samples_leaf': 2, 'min_samples_split': 20}",0.9139784946236559,0.9891304347826086,0.9565217391304348,0.9532102228455663,0.030769878479799208,43
0.0015509923299153645,0.0006080390331118408,0.0005779266357421875,0.000188829621871596,gini,3,4,2,"{'criterion': 'gini', 'max_depth': 3, 'min_samples_leaf': 4, 'min_samples_split': 2}",0.9139784946236559,0.9782608695652174,0.967391304347826,0.9532102228455664,0.028093691302048245,33
0.0007687409718831381,9.088770022367508e-05,0.000385284423828125,9.46142335203871e-05,gini,3,4,5,"{'criterion': 'gini', 'max_depth': 3, 'min_samples_leaf': 4, 'min_samples_split': 5}",0.9139784946236559,0.9782608695652174,0.967391304347826,0.9532102228455664,0.028093691302048245,33
0.0009377797444661459,0.00032491815598038344,0.000352938969930013,2.3038632372181064e-05,gini,3,4,10,"{'criterion': 'gini', 'max_depth': 3, 'min_samples_leaf': 4, 'min_samples_split': 10}",0.9139784946236559,0.9782608695652174,0.967391304347826,0.9532102228455664,0.028093691302048245,33
0.000667413075764974,1.7886514283657548e-05,0.00030684471130371094,8.17605409597504e-06,gini,3,4,20,"{'criterion': 'gini', 'max_depth': 3, 'min_samples_leaf': 4, 'min_samples_split': 20}",0.9139784946236559,0.9782608695652174,0.967391304347826,0.9532102228455664,0.028093691302048245,33
0.0008722146352132162,0.0001642303521019275,0.0003437995910644531,2.0231423860183236e-05,gini,3,8,2,"{'criterion': 'gini', 'max_depth': 3, 'min_samples_leaf': 8, 'min_samples_split': 2}",0.9247311827956989,0.967391304347826,0.9239130434782609,0.938678510207262,0.0203057586003658,157
0.0007762114206949869,0.00020241370732601948,0.00031876564025878906,1.5344231519416893e-05,gini,3,8,5,"{'criterion': 'gini', 'max_depth': 3, 'min_samples_leaf': 8, 'min_samples_split': 5}",0.9247311827956989,0.967391304347826,0.9239130434782609,0.938678510207262,0.0203057586003658,157
0.0007298787434895834,0.00017436472197691593,0.0003573099772135417,9.514351890613443e-05,gini,3,8,10,"{'criterion': 'gini', 'max_depth': 3, 'min_samples_leaf': 8, 'min_samples_split': 10}",0.9247311827956989,0.967391304347826,0.9239130434782609,0.938678510207262,0.0203057586003658,157
0.0006820360819498698,6.144614148854974e-05,0.00036525726318359375,5.6436586902658884e-05,gini,3,8,20,"{'criterion': 'gini', 'max_depth': 3, 'min_samples_leaf': 8, 'min_samples_split': 20}",0.9247311827956989,0.967391304347826,0.9239130434782609,0.938678510207262,0.0203057586003658,157
0.0007390975952148438,4.578795551274259e-05,0.00031439463297526043,1.6482908675744897e-05,gini,5,1,2,"{'criterion': 'gini', 'max_depth': 5, 'min_samples_leaf': 1, 'min_samples_split': 2}",0.9354838709677419,0.967391304347826,1.0,0.9676250584385228,0.026339118019376082,1
0.0006960233052571615,4.603488979270971e-05,0.0003040631612141927,5.025048243057644e-06,gini,5,1,5,"{'criterion': 'gini', 'max_depth': 5, 'min_samples_leaf': 1, 'min_samples_split': 5}",0.9247311827956989,0.967391304347826,0.9782608695652174,0.9567944522362475,0.023102334621082386,20
0.0006920496622721354,8.500646810629805e-05,0.00030159950256347656,1.7235536167075937e-05,gini,5,1,10,"{'criterion': 'gini', 'max_depth': 5, 'min_samples_leaf': 1, 'min_samples_split': 10}",0.9247311827956989,0.967391304347826,0.9782608695652174,0.9567944522362475,0.023102334621082386,20
0.0006773471832275391,4.489534320593957e-05,0.0002971490224202474,1.2961631163199813e-06,gini,5,1,20,"{'criterion': 'gini', 'max_depth': 5, 'min_samples_leaf': 1, 'min_samples_split': 20}",0.9247311827956989,0.9891304347826086,0.9782608695652174,0.9640408290478416,0.028148097370340228,2
0.0007079442342122396,3.360057621041122e-05,0.00031002362569173175,1.4953151709813647e-05,gini,5,2,2,"{'criterion': 'gini', 'max_depth': 5, 'min_samples_leaf': 2, 'min_samples_split': 2}",0.9139784946236559,0.9565217391304348,0.9565217391304348,0.9423406576281751,0.020055077789613816,120
0.0010103384653727214,0.0003939120533264003,0.00046102205912272137,0.00020563721848416102,gini,5,2,5,"{'criterion': 'gini', 'max_depth': 5, 'min_samples_leaf': 2, 'min_samples_split': 5}",0.9139784946236559,0.9565217391304348,0.9565217391304348,0.9423406576281751,0.020055077789613816,120
0.0006820360819498698,5.547774867713199e-05,0.00031073888142903644,3.1709571430301674e-06,gini,5,2,10,"{'criterion': 'gini', 'max_depth': 5, 'min_samples_leaf': 2, 'min_samples_split': 10}",0.9139784946236559,0.9891304347826086,0.9565217391304348,0.9532102228455663,0.030769878479799208,43
0.0006526311238606771,5.649575737084359e-05,0.0002867380777994792,3.339751782329988e-06,gini,5,2,20,"{'criterion': 'gini', 'max_depth': 5, 'min_samples_leaf': 2, 'min_samples_split': 20}",0.9139784946236559,0.9891304347826086,0.9565217391304348,0.9532102228455663,0.030769878479799208,43
0.0007226467132568359,7.593647339513905e-05,0.00033593177795410156,2.6707847451226632e-05,gini,5,4,2,"{'criterion': 'gini', 'max_depth': 5, 'min_samples_leaf': 4, 'min_samples_split': 2}",0.9139784946236559,0.9782608695652174,0.9456521739130435,0.9459638460339722,0.026244095039520764,80
0.0006795724232991537,7.241473477825867e-05,0.0003243287404378255,1.1159642233898064e-05,gini,5,4,5,"{'criterion': 'gini', 'max_depth': 5, 'min_samples_leaf': 4, 'min_samples_split': 5}",0.9139784946236559,0.9782608695652174,0.9456521739130435,0.9459638460339722,0.026244095039520764,80
0.000659942626953125,6.346802289157016e-05,0.00030652681986490887,2.064245381856224e-05,gini,5,4,10,"{'criterion': 'gini', 'max_depth': 5, 'min_samples_leaf': 4, 'min_samples_split': 10}",0.9139784946236559,0.9782608695652174,0.9456521739130435,0.9459638460339722,0.026244095039520764,80
0.0006180604298909506,8.601445670063616e-06,0.0002903143564860026,4.7855597233214686e-06,gini,5,4,20,"{'criterion': 'gini', 'max_depth': 5, 'min_samples_leaf': 4, 'min_samples_split': 20}",0.9139784946236559,0.9782608695652174,0.967391304347826,0.9532102228455664,0.028093691302048245,33
0.0006477038065592448,3.2359607514802915e-05,0.0003147125244140625,1.5713936856540757e-05,gini,5,8,2,"{'criterion': 'gini', 'max_depth': 5, 'min_samples_leaf': 8, 'min_samples_split': 2}",0.9247311827956989,0.967391304347826,0.9239130434782609,0.938678510207262,0.0203057586003658,157
0.0006577173868815104,7.690156271298411e-05,0.00031566619873046875,2.506004971212561e-05,gini,5,8,5,"{'criterion': 'gini', 'max_depth': 5, 'min_samples_leaf': 8, 'min_samples_split': 5}",0.9247311827956989,0.967391304347826,0.9239130434782609,0.938678510207262,0.0203057586003658,157
0.0009026527404785156,0.0004250137801189217,0.0004204114278157552,0.00018222837325209106,gini,5,8,10,"{'criterion': 'gini', 'max_depth': 5, 'min_samples_leaf': 8, 'min_samples_split': 10}",0.9247311827956989,0.967391304347826,0.9239130434782609,0.938678510207262,0.0203057586003658,157
0.0008286635080973307,0.00014355178929907638,0.00035262107849121094,3.70114928545219e-05,gini,5,8,20,"{'criterion': 'gini', 'max_depth': 5, 'min_samples_leaf': 8, 'min_samples_split': 20}",0.9247311827956989,0.967391304347826,0.9239130434782609,0.938678510207262,0.0203057586003658,157
0.0011976559956868489,0.0006277261711089538,0.00033394495646158856,4.240024165468101e-05,gini,7,1,2,"{'criterion': 'gini', 'max_depth': 7, 'min_samples_leaf': 1, 'min_samples_split': 2}",0.9354838709677419,0.9456521739130435,1.0,0.9603786816269285,0.028322373351728845,15
0.0010383129119873047,0.000545175140337756,0.00034125645955403644,6.553152939123737e-05,gini,7,1,5,"{'criterion': 'gini', 'max_depth': 7, 'min_samples_leaf': 1, 'min_samples_split': 5}",0.9247311827956989,0.967391304347826,0.967391304347826,0.9531712638304503,0.020110174157167673,59
0.0007637341817220052,9.664638233828947e-05,0.00037590662638346356,9.631094181245793e-05,gini,7,1,10,"{'criterion': 'gini', 'max_depth': 7, 'min_samples_leaf': 1, 'min_samples_split': 10}",0.9247311827956989,0.967391304347826,0.9782608695652174,0.9567944522362475,0.023102334621082386,20
0.0006880760192871094,3.659757547722161e-05,0.00030032793680826825,8.801776182785628e-06,gini,7,1,20,"{'criterion': 'gini', 'max_depth': 7, 'min_samples_leaf': 1, 'min_samples_split': 20}",0.9247311827956989,0.9891304347826086,0.9782608695652174,0.9640408290478416,0.028148097370340228,2
0.0007412433624267578,4.965673890779281e-05,0.0003217061360677083,2.519076545919843e-05,gini,7,2,2,"{'criterion': 'gini', 'max_depth': 7, 'min_samples_leaf': 2, 'min_samples_split': 2}",0.9139784946236559,0.9565217391304348,0.9456521739130435,0.938717469222378,0.018047151393889408,147
0.0007045269012451172,8.19614509982903e-05,0.0003093878428141276,1.9816330875349246e-05,gini,7,2,5,"{'criterion': 'gini', 'max_depth': 7, 'min_samples_leaf': 2, 'min_samples_split': 5}",0.9139784946236559,0.9565217391304348,0.9456521739130435,0.938717469222378,0.018047151393889408,147
0.0006504853566487631,6.784096758858205e-05,0.0002949237823486328,7.764787157741696e-06,gini,7,2,10,"{'criterion': 'gini', 'max_depth': 7, 'min_samples_leaf': 2, 'min_samples_split': 10}",0.9139784946236559,0.9891304347826086,0.9565217391304348,0.9532102228455663,0.030769878479799208,43
0.0006391207377115885,6.131896371800847e-05,0.00028832753499348957,8.287308480726058e-06,gini,7,2,20,"{'criterion': 'gini', 'max_depth': 7, 'min_samples_leaf': 2, 'min_samples_split': 20}",0.9139784946236559,0.9891304347826086,0.9565217391304348,0.9532102228455663,0.030769878479799208,43
0.0006613731384277344,1.4775541412688628e-05,0.00031280517578125,1.9788263307471415e-05,gini,7,4,2,"{'criterion': 'gini', 'max_depth': 7, 'min_samples_leaf': 4, 'min_samples_split': 2}",0.9139784946236559,0.9782608695652174,0.9456521739130435,0.9459638460339722,0.026244095039520764,80
0.00061798095703125,3.501643100660321e-05,0.00029198328653971356,1.0033114116118785e-05,gini,7,4,5,"{'criterion': 'gini', 'max_depth': 7, 'min_samples_leaf': 4, 'min_samples_split': 5}",0.9139784946236559,0.9782608695652174,0.9456521739130435,0.9459638460339722,0.026244095039520764,80
0.0006457964579264323,7.47974304571307e-05,0.00029977162679036457,1.8693530309027552e-05,gini,7,4,10,"{'criterion': 'gini', 'max_depth': 7, 'min_samples_leaf': 4, 'min_samples_split': 10}",0.9139784946236559,0.9782608695652174,0.9456521739130435,0.9459638460339722,0.026244095039520764,80
0.0006207625071207682,1.4871833338629606e-05,0.0002949237823486328,9.454932578382781e-06,gini,7,4,20,"{'criterion': 'gini', 'max_depth': 7, 'min_samples_leaf': 4, 'min_samples_split': 20}",0.9139784946236559,0.9782608695652174,0.967391304347826,0.9532102228455664,0.028093691302048245,33
0.0005935033162434896,2.5531452441136805e-05,0.0002887248992919922,9.47295152394062e-06,gini,7,8,2,"{'criterion': 'gini', 'max_depth': 7, 'min_samples_leaf': 8, 'min_samples_split': 2}",0.9247311827956989,0.967391304347826,0.9239130434782609,0.938678510207262,0.0203057586003658,157
0.0011859734853108723,0.00046368012114520363,0.0006636778513590494,0.00022208545248311365,gini,7,8,5,"{'criterion': 'gini', 'max_depth': 7, 'min_samples_leaf': 8, 'min_samples_split': 5}",0.9247311827956989,0.967391304347826,0.9239130434782609,0.938678510207262,0.0203057586003658,157
0.001809994379679362,0.0006761725296733143,0.0007199446360270182,4.395589197081232e-05,gini,7,8,10,"{'criterion': 'gini', 'max_depth': 7, 'min_samples_leaf': 8, 'min_samples_split': 10}",0.9247311827956989,0.967391304347826,0.9239130434782609,0.938678510207262,0.0203057586003658,157
0.000648339589436849,3.703827489294047e-05,0.0003083546956380208,1.2655413490204146e-05,gini,7,8,20,"{'criterion': 'gini', 'max_depth': 7, 'min_samples_leaf': 8, 'min_samples_split': 20}",0.9247311827956989,0.967391304347826,0.9239130434782609,0.938678510207262,0.0203057586003658,157
0.0015645821889241536,9.186890709401189e-05,0.0008323192596435547,1.129577476476169e-05,gini,10,1,2,"{'criterion': 'gini', 'max_depth': 10, 'min_samples_leaf': 1, 'min_samples_split': 2}",0.9354838709677419,0.9456521739130435,1.0,0.9603786816269285,0.028322373351728845,15
0.0013885498046875,0.00017015883491676003,0.0013540585835774739,0.0011071795384034295,gini,10,1,5,"{'criterion': 'gini', 'max_depth': 10, 'min_samples_leaf': 1, 'min_samples_split': 5}",0.9247311827956989,0.967391304347826,0.967391304347826,0.9531712638304503,0.020110174157167673,59
0.0007115999857584635,3.323657230219788e-05,0.0003044605255126953,3.0594470588239285e-06,gini,10,1,10,"{'criterion': 'gini', 'max_depth': 10, 'min_samples_leaf': 1, 'min_samples_split': 10}",0.9247311827956989,0.967391304347826,0.9782608695652174,0.9567944522362475,0.023102334621082386,20
0.0006570816040039062,4.452239551634769e-05,0.0002860228220621745,6.836513890459241e-07,gini,10,1,20,"{'criterion': 'gini', 'max_depth': 10, 'min_samples_leaf': 1, 'min_samples_split': 20}",0.9247311827956989,0.9891304347826086,0.9782608695652174,0.9640408290478416,0.028148097370340228,2
0.0006760756174723307,0.00010964098305705224,0.0003243287404378255,6.131340139336676e-05,gini,10,2,2,"{'criterion': 'gini', 'max_depth': 10, 'min_samples_leaf': 2, 'min_samples_split': 2}",0.9139784946236559,0.9565217391304348,0.9456521739130435,0.938717469222378,0.018047151393889408,147
0.0011207262674967449,0.00043726835504546817,0.0007379055023193359,0.0002829915046826716,gini,10,2,5,"{'criterion': 'gini', 'max_depth': 10, 'min_samples_leaf': 2, 'min_samples_split': 5}",0.9139784946236559,0.9565217391304348,0.9456521739130435,0.938717469222378,0.018047151393889408,147
0.0008063316345214844,9.654588563771192e-05,0.0003952185312906901,8.801776182785628e-06,gini,10,2,10,"{'criterion': 'gini', 'max_depth': 10, 'min_samples_leaf': 2, 'min_samples_split': 10}",0.9139784946236559,0.9891304347826086,0.9565217391304348,0.9532102228455663,0.030769878479799208,43
0.0012830098470052083,6.560781802555324e-05,0.0005179246266682943,0.00017307791260857248,gini,10,2,20,"{'criterion': 'gini', 'max_depth': 10, 'min_samples_leaf': 2, 'min_samples_split': 20}",0.9139784946236559,0.9891304347826086,0.9565217391304348,0.9532102228455663,0.030769878479799208,43
0.0011760393778483074,0.0003241636086743669,0.0006653467814127604,0.000182066302905599,gini,10,4,2,"{'criterion': 'gini', 'max_depth': 10, 'min_samples_leaf': 4, 'min_samples_split': 2}",0.9139784946236559,0.9782608695652174,0.9456521739130435,0.9459638460339722,0.026244095039520764,80
0.0006878376007080078,3.495956809115276e-05,0.00030795733133951825,1.02461445773756e-05,gini,10,4,5,"{'criterion': 'gini', 'max_depth': 10, 'min_samples_leaf': 4, 'min_samples_split': 5}",0.9139784946236559,0.9782608695652174,0.9456521739130435,0.9459638460339722,0.026244095039520764,80
0.0006733735402425131,6.0604399989960354e-05,0.00034332275390625,3.455068294100049e-05,gini,10,4,10,"{'criterion': 'gini', 'max_depth': 10, 'min_samples_leaf': 4, 'min_samples_split': 10}",0.9139784946236559,0.9782608695652174,0.9456521739130435,0.9459638460339722,0.026244095039520764,80
0.0013863245646158855,0.0005621020027591514,0.0007185141245524088,0.0002612349178615189,gini,10,4,20,"{'criterion': 'gini', 'max_depth': 10, 'min_samples_leaf': 4, 'min_samples_split': 20}",0.9139784946236559,0.9782608695652174,0.967391304347826,0.9532102228455664,0.028093691302048245,33
0.0006197293599446615,1.4581049976263025e-05,0.0002964337666829427,6.910940870383474e-06,gini,10,8,2,"{'criterion': 'gini', 'max_depth': 10, 'min_samples_leaf': 8, 'min_samples_split': 2}",0.9247311827956989,0.967391304347826,0.9239130434782609,0.938678510207262,0.0203057586003658,157
0.0012703736623128254,0.0004924042059249852,0.0005627473195393881,0.0002338872353869635,gini,10,8,5,"{'criterion': 'gini', 'max_depth': 10, 'min_samples_leaf': 8, 'min_samples_split': 5}",0.9247311827956989,0.967391304347826,0.9239130434782609,0.938678510207262,0.0203057586003658,157
0.0006297429402669271,2.4550811592660072e-05,0.00029095013936360675,1.0012318768834191e-05,gini,10,8,10,"{'criterion': 'gini', 'max_depth': 10, 'min_samples_leaf': 8, 'min_samples_split': 10}",0.9247311827956989,0.967391304347826,0.9239130434782609,0.938678510207262,0.0203057586003658,157
0.0006655851999918619,0.0001096207616240905,0.0002929369608561198,1.1378226769721402e-05,gini,10,8,20,"{'criterion': 'gini', 'max_depth': 10, 'min_samples_leaf': 8, 'min_samples_split': 20}",0.9247311827956989,0.967391304347826,0.9239130434782609,0.938678510207262,0.0203057586003658,157
0.0007876555124918619,7.67437108540612e-05,0.00033736228942871094,3.8857596263708287e-05,gini,15,1,2,"{'criterion': 'gini', 'max_depth': 15, 'min_samples_leaf': 1, 'min_samples_split': 2}",0.9354838709677419,0.9456521739130435,1.0,0.9603786816269285,0.028322373351728845,15
0.000675042470296224,4.1756314090143405e-05,0.0002903938293457031,4.022614394774044e-06,gini,15,1,5,"{'criterion': 'gini', 'max_depth': 15, 'min_samples_leaf': 1, 'min_samples_split': 5}",0.9247311827956989,0.967391304347826,0.967391304347826,0.9531712638304503,0.020110174157167673,59
0.0007647673288981119,0.0001051362557878741,0.0003501574198404948,1.1533699840257188e-05,gini,15,1,10,"{'criterion': 'gini', 'max_depth': 15, 'min_samples_leaf': 1, 'min_samples_split': 10}",0.9247311827956989,0.967391304347826,0.9782608695652174,0.9567944522362475,0.023102334621082386,20
0.0006838639577229818,3.577991358068661e-05,0.0003040631612141927,1.0910671425965953e-05,gini,15,1,20,"{'criterion': 'gini', 'max_depth': 15, 'min_samples_leaf': 1, 'min_samples_split': 20}",0.9247311827956989,0.9891304347826086,0.9782608695652174,0.9640408290478416,0.028148097370340228,2
0.0006783008575439453,0.00010081939636115077,0.00033537546793619793,7.121930070165903e-05,gini,15,2,2,"{'criterion': 'gini', 'max_depth': 15, 'min_samples_leaf': 2, 'min_samples_split': 2}",0.9139784946236559,0.9565217391304348,0.9456521739130435,0.938717469222378,0.018047151393889408,147
0.0007300376892089844,5.6408042105293725e-05,0.00031566619873046875,1.4798606186543595e-05,gini,15,2,5,"{'criterion': 'gini', 'max_depth': 15, 'min_samples_leaf': 2, 'min_samples_split': 5}",0.9139784946236559,0.9565217391304348,0.9456521739130435,0.938717469222378,0.018047151393889408,147
0.0006529490152994791,5.8809164403285926e-05,0.0002886454264322917,5.886358956381863e-06,gini,15,2,10,"{'criterion': 'gini', 'max_depth': 15, 'min_samples_leaf': 2, 'min_samples_split': 10}",0.9139784946236559,0.9891304347826086,0.9565217391304348,0.9532102228455663,0.030769878479799208,43
0.0014463265736897786,0.0006243728258891159,0.0005289713541666666,0.0002738035289184305,gini,15,2,20,"{'criterion': 'gini', 'max_depth': 15, 'min_samples_leaf': 2, 'min_samples_split': 20}",0.9139784946236559,0.9891304347826086,0.9565217391304348,0.9532102228455663,0.030769878479799208,43
0.0006810029347737631,3.53912195136375e-05,0.00031455357869466144,2.013880526834788e-05,gini,15,4,2,"{'criterion': 'gini', 'max_depth': 15, 'min_samples_leaf': 4, 'min_samples_split': 2}",0.9139784946236559,0.9782608695652174,0.9456521739130435,0.9459638460339722,0.026244095039520764,80
0.0007261435190836588,0.00017294769715029546,0.0003269513448079427,4.5893907860702646e-05,gini,15,4,5,"{'criterion': 'gini', 'max_depth': 15, 'min_samples_leaf': 4, 'min_samples_split': 5}",0.9139784946236559,0.9782608695652174,0.9456521739130435,0.9459638460339722,0.026244095039520764,80
0.0009485880533854166,0.0004259520941136192,0.0004543463389078776,0.00021691639179207575,gini,15,4,10,"{'criterion': 'gini', 'max_depth': 15, 'min_samples_leaf': 4, 'min_samples_split': 10}",0.9139784946236559,0.9782608695652174,0.9456521739130435,0.9459638460339722,0.026244095039520764,80
0.001119375228881836,0.0002400240092825462,0.0006271998087565104,0.00020898331034374976,gini,15,4,20,"{'criterion': 'gini', 'max_depth': 15, 'min_samples_leaf': 4, 'min_samples_split': 20}",0.9139784946236559,0.9782608695652174,0.967391304347826,0.9532102228455664,0.028093691302048245,33
0.0009249846140543619,0.0002955850898920006,0.0005626678466796875,0.0003088817974368739,gini,15,8,2,"{'criterion': 'gini', 'max_depth': 15, 'min_samples_leaf': 8, 'min_samples_split': 2}",0.9247311827956989,0.967391304347826,0.9239130434782609,0.938678510207262,0.0203057586003658,157
0.0011452039082845051,0.0003647989345944045,0.0006035963694254557,0.00021153746559277219,gini,15,8,5,"{'criterion': 'gini', 'max_depth': 15, 'min_samples_leaf': 8, 'min_samples_split': 5}",0.9247311827956989,0.967391304347826,0.9239130434782609,0.938678510207262,0.0203057586003658,157
0.000862280527750651,0.00027002637050595467,0.00041413307189941406,0.00013982689006933872,gini,15,8,10,"{'criterion': 'gini', 'max_depth': 15, 'min_samples_leaf': 8, 'min_samples_split': 10}",0.9247311827956989,0.967391304347826,0.9239130434782609,0.938678510207262,0.0203057586003658,157
0.0005991458892822266,2.2146848840041e-05,0.00029277801513671875,6.6330088344781665e-06,gini,15,8,20,"{'criterion': 'gini', 'max_depth': 15, 'min_samples_leaf': 8, 'min_samples_split': 20}",0.9247311827956989,0.967391304347826,0.9239130434782609,0.938678510207262,0.0203057586003658,157
0.0012604395548502605,0.0003206556659007503,0.0004988511403401693,0.00020500119283565994,gini,20,1,2,"{'criterion': 'gini', 'max_depth': 20, 'min_samples_leaf': 1, 'min_samples_split': 2}",0.9354838709677419,0.9456521739130435,1.0,0.9603786816269285,0.028322373351728845,15
0.0006883144378662109,3.782423907366003e-05,0.000303347905476888,9.803871957456267e-06,gini,20,1,5,"{'criterion': 'gini', 'max_depth': 20, 'min_samples_leaf': 1, 'min_samples_split': 5}",0.9247311827956989,0.967391304347826,0.967391304347826,0.9531712638304503,0.020110174157167673,59
0.0006742477416992188,4.147980831309989e-05,0.00029341379801432293,5.959934634924785e-06,gini,20,1,10,"{'criterion': 'gini', 'max_depth': 20, 'min_samples_leaf': 1, 'min_samples_split': 10}",0.9247311827956989,0.967391304347826,0.9782608695652174,0.9567944522362475,0.023102334621082386,20
0.0006693204243977865,4.504632174497057e-05,0.0002960364023844401,6.368746919520433e-06,gini,20,1,20,"{'criterion': 'gini', 'max_depth': 20, 'min_samples_leaf': 1, 'min_samples_split': 20}",0.9247311827956989,0.9891304347826086,0.9782608695652174,0.9640408290478416,0.028148097370340228,2
0.0006515979766845703,6.888853073635276e-05,0.00028888384501139325,7.3261735766674765e-06,gini,20,2,2,"{'criterion': 'gini', 'max_depth': 20, 'min_samples_leaf': 2, 'min_samples_split': 2}",0.9139784946236559,0.9565217391304348,0.9456521739130435,0.938717469222378,0.018047151393889408,147
0.0010696252187093098,0.0005310196532369153,0.00047246615091959637,0.00021812597164091692,gini,20,2,5,"{'criterion': 'gini', 'max_depth': 20, 'min_samples_leaf': 2, 'min_samples_split': 5}",0.9139784946236559,0.9565217391304348,0.9456521739130435,0.938717469222378,0.018047151393889408,147
0.0006699562072753906,5.6940626313580074e-05,0.00030112266540527344,7.39738227731075e-06,gini,20,2,10,"{'criterion': 'gini', 'max_depth': 20, 'min_samples_leaf': 2, 'min_samples_split': 10}",0.9139784946236559,0.9891304347826086,0.9565217391304348,0.9532102228455663,0.030769878479799208,43
0.0006455580393473307,6.022648159233272e-05,0.0002907117207845052,8.08360488570621e-06,gini,20,2,20,"{'criterion': 'gini', 'max_depth': 20, 'min_samples_leaf': 2, 'min_samples_split': 20}",0.9139784946236559,0.9891304347826086,0.9565217391304348,0.9532102228455663,0.030769878479799208,43
0.0006082852681477865,2.366823983607218e-05,0.00028395652770996094,4.269401556194081e-06,gini,20,4,2,"{'criterion': 'gini', 'max_depth': 20, 'min_samples_leaf': 4, 'min_samples_split': 2}",0.9139784946236559,0.9782608695652174,0.9456521739130435,0.9459638460339722,0.026244095039520764,80
0.0011374950408935547,0.0007397572076131662,0.000307003657023112,2.4914709828350025e-05,gini,20,4,5,"{'criterion': 'gini', 'max_depth': 20, 'min_samples_leaf': 4, 'min_samples_split': 5}",0.9139784946236559,0.9782608695652174,0.9456521739130435,0.9459638460339722,0.026244095039520764,80
0.0006436506907145182,6.719184720984887e-05,0.00030231475830078125,1.9205155484439492e-05,gini,20,4,10,"{'criterion': 'gini', 'max_depth': 20, 'min_samples_leaf': 4, 'min_samples_split': 10}",0.9139784946236559,0.9782608695652174,0.9456521739130435,0.9459638460339722,0.026244095039520764,80
0.0006174246470133463,1.367856977713913e-05,0.0002949237823486328,2.945860702649854e-06,gini,20,4,20,"{'criterion': 'gini', 'max_depth': 20, 'min_samples_leaf': 4, 'min_samples_split': 20}",0.9139784946236559,0.9782608695652174,0.967391304347826,0.9532102228455664,0.028093691302048245,33
0.0005839665730794271,2.0448785318716653e-05,0.0002884864807128906,9.692431251787588e-06,gini,20,8,2,"{'criterion': 'gini', 'max_depth': 20, 'min_samples_leaf': 8, 'min_samples_split': 2}",0.9247311827956989,0.967391304347826,0.9239130434782609,0.938678510207262,0.0203057586003658,157
0.0005862712860107422,1.5200314136980776e-05,0.00028626124064127606,2.063235439578242e-06,gini,20,8,5,"{'criterion': 'gini', 'max_depth': 20, 'min_samples_leaf': 8, 'min_samples_split': 5}",0.9247311827956989,0.967391304347826,0.9239130434782609,0.938678510207262,0.0203057586003658,157
0.0014026165008544922,0.00014803560419205484,0.0007797082265218099,1.875929876706039e-05,gini,20,8,10,"{'criterion': 'gini', 'max_depth': 20, 'min_samples_leaf': 8, 'min_samples_split': 10}",0.9247311827956989,0.967391304347826,0.9239130434782609,0.938678510207262,0.0203057586003658,157
0.001165946324666341,0.0003468646654785663,0.0011119842529296875,0.0008112480289023843,gini,20,8,20,"{'criterion': 'gini', 'max_depth': 20, 'min_samples_leaf': 8, 'min_samples_split': 20}",0.9247311827956989,0.967391304347826,0.9239130434782609,0.938678510207262,0.0203057586003658,157
0.0016336441040039062,0.00010980670435777988,0.0008246103922526041,6.719635898821346e-05,gini,,1,2,"{'criterion': 'gini', 'max_depth': None, 'min_samples_leaf': 1, 'min_samples_split': 2}",0.9354838709677419,0.9456521739130435,1.0,0.9603786816269285,0.028322373351728845,15
0.0015462239583333333,0.0002724458759278898,0.0006328423817952474,0.00018004737292151248,gini,,1,5,"{'criterion': 'gini', 'max_depth': None, 'min_samples_leaf': 1, 'min_samples_split': 5}",0.9247311827956989,0.967391304347826,0.967391304347826,0.9531712638304503,0.020110174157167673,59
0.0014969507853190105,0.00021586563801866853,0.0006780624389648438,0.00019733493541073763,gini,,1,10,"{'criterion': 'gini', 'max_depth': None, 'min_samples_leaf': 1, 'min_samples_split': 10}",0.9247311827956989,0.967391304347826,0.9782608695652174,0.9567944522362475,0.023102334621082386,20
0.0007079442342122396,2.7796875303521697e-05,0.000307003657023112,7.917826410577732e-06,gini,,1,20,"{'criterion': 'gini', 'max_depth': None, 'min_samples_leaf': 1, 'min_samples_split': 20}",0.9247311827956989,0.9891304347826086,0.9782608695652174,0.9640408290478416,0.028148097370340228,2
0.0007010300954182943,3.869748904438096e-05,0.0002990563710530599,8.199966376571729e-06,gini,,2,2,"{'criterion': 'gini', 'max_depth': None, 'min_samples_leaf': 2, 'min_samples_split': 2}",0.9139784946236559,0.9565217391304348,0.9456521739130435,0.938717469222378,0.018047151393889408,147
0.0007351239522298177,0.00011889357615837073,0.00032790501912434894,2.3038632372181064e-05,gini,,2,5,"{'criterion': 'gini', 'max_depth': None, 'min_samples_leaf': 2, 'min_samples_split': 5}",0.9139784946236559,0.9565217391304348,0.9456521739130435,0.938717469222378,0.018047151393889408,147
0.0006611347198486328,5.868875635461873e-05,0.0002922217051188151,4.414858631239303e-06,gini,,2,10,"{'criterion': 'gini', 'max_depth': None, 'min_samples_leaf': 2, 'min_samples_split': 10}",0.9139784946236559,0.9891304347826086,0.9565217391304348,0.9532102228455663,0.030769878479799208,43
0.0008513927459716797,0.00035843424485616066,0.0014262199401855469,0.0016084955336320714,gini,,2,20,"{'criterion': 'gini', 'max_depth': None, 'min_samples_leaf': 2, 'min_samples_split': 20}",0.9139784946236559,0.9891304347826086,0.9565217391304348,0.9532102228455663,0.030769878479799208,43
0.0006535847981770834,1.520696089942448e-05,0.00030533472696940106,1.0197950420234585e-05,gini,,4,2,"{'criterion': 'gini', 'max_depth': None, 'min_samples_leaf': 4, 'min_samples_split': 2}",0.9139784946236559,0.9782608695652174,0.9456521739130435,0.9459638460339722,0.026244095039520764,80
0.0006087621053059896,2.1646107865715985e-05,0.00028856595357259113,2.433998240012098e-06,gini,,4,5,"{'criterion': 'gini', 'max_depth': None, 'min_samples_leaf': 4, 'min_samples_split': 5}",0.9139784946236559,0.9782608695652174,0.9456521739130435,0.9459638460339722,0.026244095039520764,80
0.0009224414825439453,0.0004670228669121428,0.0004538695017496745,0.0002461953495969216,gini,,4,10,"{'criterion': 'gini', 'max_depth': None, 'min_samples_leaf': 4, 'min_samples_split': 10}",0.9139784946236559,0.9782608695652174,0.9456521739130435,0.9459638460339722,0.026244095039520764,80
0.0009172757466634115,0.00031203896785201565,0.0004620552062988281,0.00021017928639402341,gini,,4,20,"{'criterion': 'gini', 'max_depth': None, 'min_samples_leaf': 4, 'min_samples_split': 20}",0.9139784946236559,0.9782608695652174,0.967391304347826,0.9532102228455664,0.028093691302048245,33
0.0007082621256510416,0.00014899416927398562,0.0003200372060139974,3.935295078281566e-05,gini,,8,2,"{'criterion': 'gini', 'max_depth': None, 'min_samples_leaf': 8, 'min_samples_split': 2}",0.9247311827956989,0.967391304347826,0.9239130434782609,0.938678510207262,0.0203057586003658,157
0.0006225109100341797,1.9169604981032785e-05,0.00030048688252766925,9.164568147739332e-06,gini,,8,5,"{'criterion': 'gini', 'max_depth': None, 'min_samples_leaf': 8, 'min_samples_split': 5}",0.9247311827956989,0.967391304347826,0.9239130434782609,0.938678510207262,0.0203057586003658,157
0.0005930264790852865,1.4201868961126377e-05,0.00028626124064127606,1.2961631163199813e-06,gini,,8,10,"{'criterion': 'gini', 'max_depth': None, 'min_samples_leaf': 8, 'min_samples_split': 10}",0.9247311827956989,0.967391304347826,0.9239130434782609,0.938678510207262,0.0203057586003658,157
0.0005803108215332031,1.8419539065184995e-05,0.0002846717834472656,5.227115520606152e-06,gini,,8,20,"{'criterion': 'gini', 'max_depth': None, 'min_samples_leaf': 8, 'min_samples_split': 20}",0.9247311827956989,0.967391304347826,0.9239130434782609,0.938678510207262,0.0203057586003658,157
0.0011885960896809895,0.0003668705649039486,0.0005204677581787109,0.0002153501875494661,entropy,3,1,2,"{'criterion': 'entropy', 'max_depth': 3, 'min_samples_leaf': 1, 'min_samples_split': 2}",0.9354838709677419,0.9782608695652174,0.9782608695652174,0.9640018700327255,0.020165270524721585,8
0.0006346702575683594,6.134357609876922e-06,0.0002932548522949219,8.509906910693525e-06,entropy,3,1,5,"{'criterion': 'entropy', 'max_depth': 3, 'min_samples_leaf': 1, 'min_samples_split': 5}",0.9247311827956989,0.9782608695652174,0.9782608695652174,0.9604176406420445,0.025234136339678907,9
0.0006173451741536459,3.3397517823299875e-06,0.0002925395965576172,5.764932976825121e-06,entropy,3,1,10,"{'criterion': 'entropy', 'max_depth': 3, 'min_samples_leaf': 1, 'min_samples_split': 10}",0.9247311827956989,0.9782608695652174,0.9782608695652174,0.9604176406420445,0.025234136339678907,9
0.0006173451741536459,4.176674952020935e-06,0.0002849896748860677,2.816525323656297e-06,entropy,3,1,20,"{'criterion': 'entropy', 'max_depth': 3, 'min_samples_leaf': 1, 'min_samples_split': 20}",0.9247311827956989,0.9456521739130435,0.9782608695652174,0.9495480754246532,0.022026353577049684,67
0.001051028569539388,0.0005316117858691907,0.0006686846415201823,0.0002649162185672864,entropy,3,2,2,"{'criterion': 'entropy', 'max_depth': 3, 'min_samples_leaf': 2, 'min_samples_split': 2}",0.9139784946236559,0.9782608695652174,0.9565217391304348,0.9495870344397694,0.02669735978072148,64
0.0015619595845540364,0.00015830303436256799,0.0007843971252441406,4.7002133209238665e-05,entropy,3,2,5,"{'criterion': 'entropy', 'max_depth': 3, 'min_samples_leaf': 2, 'min_samples_split': 5}",0.9139784946236559,0.9782608695652174,0.9565217391304348,0.9495870344397694,0.02669735978072148,64
0.0014023780822753906,5.392302344250205e-05,0.0013725757598876953,0.0008526737967143831,entropy,3,2,10,"{'criterion': 'entropy', 'max_depth': 3, 'min_samples_leaf': 2, 'min_samples_split': 10}",0.9139784946236559,0.9782608695652174,0.9565217391304348,0.9495870344397694,0.02669735978072148,64
0.0009103616078694662,0.00032377917988552017,0.0005540847778320312,0.00016832227859545922,entropy,3,2,20,"{'criterion': 'entropy', 'max_depth': 3, 'min_samples_leaf': 2, 'min_samples_split': 20}",0.9139784946236559,0.9456521739130435,0.9565217391304348,0.9387174692223782,0.018047151393889408,140
0.0006823539733886719,3.535086442859039e-05,0.00031693776448567707,2.649010550943967e-05,entropy,3,4,2,"{'criterion': 'entropy', 'max_depth': 3, 'min_samples_leaf': 4, 'min_samples_split': 2}",0.9139784946236559,0.967391304347826,0.9565217391304348,0.9459638460339722,0.023048266610670904,80
0.0010280609130859375,0.0005784284673281795,0.0007953643798828125,0.00037563062149888464,entropy,3,4,5,"{'criterion': 'entropy', 'max_depth': 3, 'min_samples_leaf': 4, 'min_samples_split': 5}",0.9139784946236559,0.967391304347826,0.9565217391304348,0.9459638460339722,0.023048266610670904,80
0.0014582475026448567,0.0006189165180464053,0.0008940696716308594,0.0001837804682612586,entropy,3,4,10,"{'criterion': 'entropy', 'max_depth': 3, 'min_samples_leaf': 4, 'min_samples_split': 10}",0.9139784946236559,0.967391304347826,0.9565217391304348,0.9459638460339722,0.023048266610670904,80
0.0006426175435384115,2.5171954117747754e-05,0.00030159950256347656,1.0817654626956656e-05,entropy,3,4,20,"{'criterion': 'entropy', 'max_depth': 3, 'min_samples_leaf': 4, 'min_samples_split': 20}",0.9139784946236559,0.967391304347826,0.9565217391304348,0.9459638460339722,0.023048266610670904,80
0.0005970795949300131,3.212512800122537e-06,0.0002906322479248047,8.775185738781141e-06,entropy,3,8,2,"{'criterion': 'entropy', 'max_depth': 3, 'min_samples_leaf': 8, 'min_samples_split': 2}",0.9247311827956989,0.967391304347826,0.9239130434782609,0.938678510207262,0.0203057586003658,157
0.000598748524983724,1.0447583265215423e-05,0.00029238065083821613,7.3158209946092336e-06,entropy,3,8,5,"{'criterion': 'entropy', 'max_depth': 3, 'min_samples_leaf': 8, 'min_samples_split': 5}",0.9247311827956989,0.967391304347826,0.9239130434782609,0.938678510207262,0.0203057586003658,157
0.0011173089345296223,0.00036640823850297977,0.000656286875406901,0.00025793337484277933,entropy,3,8,10,"{'criterion': 'entropy', 'max_depth': 3, 'min_samples_leaf': 8, 'min_samples_split': 10}",0.9247311827956989,0.967391304347826,0.9239130434782609,0.938678510207262,0.0203057586003658,157
0.0009207725524902344,0.00034876148133057425,0.0004722277323404948,0.00021538171356631585,entropy,3,8,20,"{'criterion': 'entropy', 'max_depth': 3, 'min_samples_leaf': 8, 'min_samples_split': 20}",0.9247311827956989,0.967391304347826,0.9239130434782609,0.938678510207262,0.0203057586003658,157
0.0018130143483479817,0.00031232908683991376,0.0006600220998128256,0.00020524967298845366,entropy,5,1,2,"{'criterion': 'entropy', 'max_depth': 5, 'min_samples_leaf': 1, 'min_samples_split': 2}",0.9354838709677419,0.9347826086956522,0.9782608695652174,0.9495091164095372,0.020332575248230615,74
0.0010990301767985027,0.00030123262578216845,0.00048542022705078125,0.00020466102282735337,entropy,5,1,5,"{'criterion': 'entropy', 'max_depth': 5, 'min_samples_leaf': 1, 'min_samples_split': 5}",0.9247311827956989,0.9347826086956522,0.9782608695652174,0.9459248870188562,0.023230290801515983,114
0.0006342728932698568,8.195343638418048e-06,0.00029532114664713543,2.8366356368978416e-06,entropy,5,1,10,"{'criterion': 'entropy', 'max_depth': 5, 'min_samples_leaf': 1, 'min_samples_split': 10}",0.9247311827956989,0.9782608695652174,0.967391304347826,0.9567944522362475,0.023102334621082386,20
0.0006194114685058594,4.966894783019938e-06,0.00028697649637858075,2.433998240012098e-06,entropy,5,1,20,"{'criterion': 'entropy', 'max_depth': 5, 'min_samples_leaf': 1, 'min_samples_split': 20}",0.9247311827956989,0.9456521739130435,0.9782608695652174,0.9495480754246532,0.022026353577049684,67
0.0006236235300699869,1.778452738794016e-05,0.00028896331787109375,5.004897592491719e-06,entropy,5,2,2,"{'criterion': 'entropy', 'max_depth': 5, 'min_samples_leaf': 2, 'min_samples_split': 2}",0.9139784946236559,0.9347826086956522,0.9456521739130435,0.9314710924107837,0.013141032303703191,195
0.0006751219431559244,5.7627085237277186e-05,0.0008420149485270182,0.0003736586525288038,entropy,5,2,5,"{'criterion': 'entropy', 'max_depth': 5, 'min_samples_leaf': 2, 'min_samples_split': 5}",0.9139784946236559,0.9347826086956522,0.9456521739130435,0.9314710924107837,0.013141032303703191,195
0.0014843146006266277,2.522609280509601e-05,0.0023066202799479165,0.0021660684012760555,entropy,5,2,10,"{'criterion': 'entropy', 'max_depth': 5, 'min_samples_leaf': 2, 'min_samples_split': 10}",0.9139784946236559,0.9782608695652174,0.9456521739130435,0.9459638460339722,0.026244095039520764,80
0.0013829867045084636,0.0006627808463262238,0.0005900859832763672,0.00036167278565493727,entropy,5,2,20,"{'criterion': 'entropy', 'max_depth': 5, 'min_samples_leaf': 2, 'min_samples_split': 20}",0.9139784946236559,0.9456521739130435,0.9565217391304348,0.9387174692223782,0.018047151393889408,140
0.0006319681803385416,7.052068885637607e-06,0.00030032793680826825,6.590978977398978e-06,entropy,5,4,2,"{'criterion': 'entropy', 'max_depth': 5, 'min_samples_leaf': 4, 'min_samples_split': 2}",0.9139784946236559,0.967391304347826,0.9456521739130435,0.9423406576281751,0.02193105356545543,120
0.0010356903076171875,0.0005473123732526229,0.00042827924092610675,0.00017675853856879354,entropy,5,4,5,"{'criterion': 'entropy', 'max_depth': 5, 'min_samples_leaf': 4, 'min_samples_split': 5}",0.9139784946236559,0.967391304347826,0.9456521739130435,0.9423406576281751,0.02193105356545543,120
0.0006933212280273438,0.00010216396079040713,0.000303347905476888,1.882584395616061e-05,entropy,5,4,10,"{'criterion': 'entropy', 'max_depth': 5, 'min_samples_leaf': 4, 'min_samples_split': 10}",0.9139784946236559,0.967391304347826,0.9456521739130435,0.9423406576281751,0.02193105356545543,120
0.0014441808064778645,6.665901880921775e-05,0.0014358361562093098,0.0009179102153135637,entropy,5,4,20,"{'criterion': 'entropy', 'max_depth': 5, 'min_samples_leaf': 4, 'min_samples_split': 20}",0.9139784946236559,0.967391304347826,0.9565217391304348,0.9459638460339722,0.023048266610670904,80
0.0026890436808268228,0.0024594114749275525,0.0005583763122558594,0.00030872809441049654,entropy,5,8,2,"{'criterion': 'entropy', 'max_depth': 5, 'min_samples_leaf': 8, 'min_samples_split': 2}",0.9247311827956989,0.967391304347826,0.8586956521739131,0.9169393797724794,0.044715547975639355,207
0.0006136894226074219,7.587057104023376e-06,0.0003005663553873698,8.87893608629501e-06,entropy,5,8,5,"{'criterion': 'entropy', 'max_depth': 5, 'min_samples_leaf': 8, 'min_samples_split': 5}",0.9247311827956989,0.967391304347826,0.8586956521739131,0.9169393797724794,0.044715547975639355,207
0.0006070137023925781,3.951327926208513e-06,0.00029468536376953125,5.3560226585052e-06,entropy,5,8,10,"{'criterion': 'entropy', 'max_depth': 5, 'min_samples_leaf': 8, 'min_samples_split': 10}",0.9247311827956989,0.967391304347826,0.8586956521739131,0.9169393797724794,0.044715547975639355,207
0.0006034374237060547,1.217725469888682e-05,0.0002979437510172526,7.078886331444852e-06,entropy,5,8,20,"{'criterion': 'entropy', 'max_depth': 5, 'min_samples_leaf': 8, 'min_samples_split': 20}",0.9247311827956989,0.967391304347826,0.9239130434782609,0.938678510207262,0.0203057586003658,157
0.0006905396779378256,5.252440601519203e-05,0.00031367937723795575,1.9346051319336924e-05,entropy,7,1,2,"{'criterion': 'entropy', 'max_depth': 7, 'min_samples_leaf': 1, 'min_samples_split': 2}",0.9354838709677419,0.9347826086956522,0.9782608695652174,0.9495091164095372,0.020332575248230615,74
0.0006259282430013021,9.41946181617041e-06,0.0002913475036621094,8.438356239594623e-06,entropy,7,1,5,"{'criterion': 'entropy', 'max_depth': 7, 'min_samples_leaf': 1, 'min_samples_split': 5}",0.9247311827956989,0.9347826086956522,0.9782608695652174,0.9459248870188562,0.023230290801515983,114
0.0006213188171386719,1.1836387949269185e-05,0.00029277801513671875,4.7842397509550765e-06,entropy,7,1,10,"{'criterion': 'entropy', 'max_depth': 7, 'min_samples_leaf': 1, 'min_samples_split': 10}",0.9247311827956989,0.9782608695652174,0.967391304347826,0.9567944522362475,0.023102334621082386,20
0.0006137688954671224,4.697646047634013e-06,0.0002886454264322917,5.18830577340109e-06,entropy,7,1,20,"{'criterion': 'entropy', 'max_depth': 7, 'min_samples_leaf': 1, 'min_samples_split': 20}",0.9247311827956989,0.9456521739130435,0.9782608695652174,0.9495480754246532,0.022026353577049684,67
0.0006176630655924479,1.5663614770355705e-05,0.000308990478515625,3.1987801348437786e-05,entropy,7,2,2,"{'criterion': 'entropy', 'max_depth': 7, 'min_samples_leaf': 2, 'min_samples_split': 2}",0.9139784946236559,0.9347826086956522,0.9456521739130435,0.9314710924107837,0.013141032303703191,195
0.0007197062174479166,3.851884805342827e-05,0.00032830238342285156,9.240065753496218e-06,entropy,7,2,5,"{'criterion': 'entropy', 'max_depth': 7, 'min_samples_leaf': 2, 'min_samples_split': 5}",0.9139784946236559,0.9347826086956522,0.9456521739130435,0.9314710924107837,0.013141032303703191,195
0.0006273587544759115,9.56121589543073e-06,0.0002963542938232422,4.577802284213597e-06,entropy,7,2,10,"{'criterion': 'entropy', 'max_depth': 7, 'min_samples_leaf': 2, 'min_samples_split': 10}",0.9139784946236559,0.9782608695652174,0.9456521739130435,0.9459638460339722,0.026244095039520764,80
0.0006104310353597006,6.233428812385426e-06,0.0002849102020263672,3.5523568214777325e-06,entropy,7,2,20,"{'criterion': 'entropy', 'max_depth': 7, 'min_samples_leaf': 2, 'min_samples_split': 20}",0.9139784946236559,0.9456521739130435,0.9565217391304348,0.9387174692223782,0.018047151393889408,140
0.0006038347880045573,1.1905554287690232e-05,0.00028252601623535156,5.117212941489299e-06,entropy,7,4,2,"{'criterion': 'entropy', 'max_depth': 7, 'min_samples_leaf': 4, 'min_samples_split': 2}",0.9139784946236559,0.967391304347826,0.9456521739130435,0.9423406576281751,0.02193105356545543,120
0.0006047089894612631,1.0369304930559852e-05,0.0002822081247965495,3.4015869393400667e-06,entropy,7,4,5,"{'criterion': 'entropy', 'max_depth': 7, 'min_samples_leaf': 4, 'min_samples_split': 5}",0.9139784946236559,0.967391304347826,0.9456521739130435,0.9423406576281751,0.02193105356545543,120
0.0007363160451253256,9.466735527019478e-05,0.0003113746643066406,1.6738048385598477e-05,entropy,7,4,10,"{'criterion': 'entropy', 'max_depth': 7, 'min_samples_leaf': 4, 'min_samples_split': 10}",0.9139784946236559,0.967391304347826,0.9456521739130435,0.9423406576281751,0.02193105356545543,120
0.0006107489267985026,5.6632428968174825e-06,0.0002913475036621094,6.7547255709571135e-06,entropy,7,4,20,"{'criterion': 'entropy', 'max_depth': 7, 'min_samples_leaf': 4, 'min_samples_split': 20}",0.9139784946236559,0.967391304347826,0.9565217391304348,0.9459638460339722,0.023048266610670904,80
0.0005955696105957031,8.240687940480373e-06,0.00028745333353678387,2.922181496755319e-06,entropy,7,8,2,"{'criterion': 'entropy', 'max_depth': 7, 'min_samples_leaf': 8, 'min_samples_split': 2}",0.9247311827956989,0.967391304347826,0.8586956521739131,0.9169393797724794,0.044715547975639355,207
0.0005935033162434896,6.138474628870494e-06,0.00029087066650390625,6.5756287871798206e-06,entropy,7,8,5,"{'criterion': 'entropy', 'max_depth': 7, 'min_samples_leaf': 8, 'min_samples_split': 5}",0.9247311827956989,0.967391304347826,0.8586956521739131,0.9169393797724794,0.044715547975639355,207
0.0005927880605061849,3.236019304832193e-06,0.00028586387634277344,2.2450203723630166e-06,entropy,7,8,10,"{'criterion': 'entropy', 'max_depth': 7, 'min_samples_leaf': 8, 'min_samples_split': 10}",0.9247311827956989,0.967391304347826,0.8586956521739131,0.9169393797724794,0.044715547975639355,207
0.0007623831431070963,0.0001844816897425777,0.0003170967102050781,1.905659086236086e-05,entropy,7,8,20,"{'criterion': 'entropy', 'max_depth': 7, 'min_samples_leaf': 8, 'min_samples_split': 20}",0.9247311827956989,0.967391304347826,0.9239130434782609,0.938678510207262,0.0203057586003658,157
0.001969575881958008,0.00016278257287488375,0.0009357929229736328,0.00013031809194483711,entropy,10,1,2,"{'criterion': 'entropy', 'max_depth': 10, 'min_samples_leaf': 1, 'min_samples_split': 2}",0.9354838709677419,0.9347826086956522,0.9782608695652174,0.9495091164095372,0.020332575248230615,74
0.001037915547688802,0.0005059046121795222,0.00032440821329752606,3.027342277241506e-05,entropy,10,1,5,"{'criterion': 'entropy', 'max_depth': 10, 'min_samples_leaf': 1, 'min_samples_split': 5}",0.9247311827956989,0.9347826086956522,0.9782608695652174,0.9459248870188562,0.023230290801515983,114
0.0006325244903564453,8.509906910693525e-06,0.000295559565226237,8.432366278776193e-06,entropy,10,1,10,"{'criterion': 'entropy', 'max_depth': 10, 'min_samples_leaf': 1, 'min_samples_split': 10}",0.9247311827956989,0.9782608695652174,0.967391304347826,0.9567944522362475,0.023102334621082386,20
0.0006201267242431641,2.867638040013109e-06,0.00029389063517252606,5.402985614707798e-06,entropy,10,1,20,"{'criterion': 'entropy', 'max_depth': 10, 'min_samples_leaf': 1, 'min_samples_split': 20}",0.9247311827956989,0.9456521739130435,0.9782608695652174,0.9495480754246532,0.022026353577049684,67
0.0006322065989176432,1.892622418548127e-05,0.0002903938293457031,9.613916947200753e-06,entropy,10,2,2,"{'criterion': 'entropy', 'max_depth': 10, 'min_samples_leaf': 2, 'min_samples_split': 2}",0.9139784946236559,0.9347826086956522,0.9456521739130435,0.9314710924107837,0.013141032303703191,195
0.0012766520182291667,0.00048710965053122866,0.000644683837890625,0.0002552440612574553,entropy,10,2,5,"{'criterion': 'entropy', 'max_depth': 10, 'min_samples_leaf': 2, 'min_samples_split': 5}",0.9139784946236559,0.9347826086956522,0.9456521739130435,0.9314710924107837,0.013141032303703191,195
0.0015674432118733723,6.57535023434031e-05,0.0008210341135660807,1.7269947968283827e-05,entropy,10,2,10,"{'criterion': 'entropy', 'max_depth': 10, 'min_samples_leaf': 2, 'min_samples_split': 10}",0.9139784946236559,0.9782608695652174,0.9456521739130435,0.9459638460339722,0.026244095039520764,80
0.0009875297546386719,0.0003951956540151182,0.0005504290262858073,0.00032206160428725067,entropy,10,2,20,"{'criterion': 'entropy', 'max_depth': 10, 'min_samples_leaf': 2, 'min_samples_split': 20}",0.9139784946236559,0.9456521739130435,0.9565217391304348,0.9387174692223782,0.018047151393889408,140
0.000805060068766276,0.0001443006114168842,0.00032703081766764325,1.216999120006049e-05,entropy,10,4,2,"{'criterion': 'entropy', 'max_depth': 10, 'min_samples_leaf': 4, 'min_samples_split': 2}",0.9139784946236559,0.967391304347826,0.9456521739130435,0.9423406576281751,0.02193105356545543,120
0.0007136662801106771,7.699759500531713e-05,0.00032639503479003906,2.973517164190551e-05,entropy,10,4,5,"{'criterion': 'entropy', 'max_depth': 10, 'min_samples_leaf': 4, 'min_samples_split': 5}",0.9139784946236559,0.967391304347826,0.9456521739130435,0.9423406576281751,0.02193105356545543,120
0.001594225565592448,0.00010960485838998595,0.0008480548858642578,4.3975572824663264e-05,entropy,10,4,10,"{'criterion': 'entropy', 'max_depth': 10, 'min_samples_leaf': 4, 'min_samples_split': 10}",0.9139784946236559,0.967391304347826,0.9456521739130435,0.9423406576281751,0.02193105356545543,120
0.0009192625681559244,0.00039580741107420373,0.00041826566060384113,0.0001616923718678794,entropy,10,4,20,"{'criterion': 'entropy', 'max_depth': 10, 'min_samples_leaf': 4, 'min_samples_split': 20}",0.9139784946236559,0.967391304347826,0.9565217391304348,0.9459638460339722,0.023048266610670904,80
0.0006906986236572266,7.467438382082653e-05,0.0003223419189453125,2.3155669334046793e-05,entropy,10,8,2,"{'criterion': 'entropy', 'max_depth': 10, 'min_samples_leaf': 8, 'min_samples_split': 2}",0.9247311827956989,0.967391304347826,0.8586956521739131,0.9169393797724794,0.044715547975639355,207
0.0006109873453776041,1.2032201457050536e-05,0.0002967516581217448,7.097598254447335e-06,entropy,10,8,5,"{'criterion': 'entropy', 'max_depth': 10, 'min_samples_leaf': 8, 'min_samples_split': 5}",0.9247311827956989,0.967391304347826,0.8586956521739131,0.9169393797724794,0.044715547975639355,207
0.0010010401407877605,0.00021423332971006934,0.0005629857381184896,0.0002993090125303915,entropy,10,8,10,"{'criterion': 'entropy', 'max_depth': 10, 'min_samples_leaf': 8, 'min_samples_split': 10}",0.9247311827956989,0.967391304347826,0.8586956521739131,0.9169393797724794,0.044715547975639355,207
0.0008097489674886068,0.00018262596864366306,0.00041063626607259113,8.946455760794769e-05,entropy,10,8,20,"{'criterion': 'entropy', 'max_depth': 10, 'min_samples_leaf': 8, 'min_samples_split': 20}",0.9247311827956989,0.967391304347826,0.9239130434782609,0.938678510207262,0.0203057586003658,157
0.000785986582438151,0.00010299762335025302,0.0006875991821289062,0.0002265957569669573,entropy,15,1,2,"{'criterion': 'entropy', 'max_depth': 15, 'min_samples_leaf': 1, 'min_samples_split': 2}",0.9354838709677419,0.9347826086956522,0.9782608695652174,0.9495091164095372,0.020332575248230615,74
0.0007321039835611979,4.9395563033936637e-05,0.0004988511403401693,0.0001013396449539378,entropy,15,1,5,"{'criterion': 'entropy', 'max_depth': 15, 'min_samples_leaf': 1, 'min_samples_split': 5}",0.9247311827956989,0.9347826086956522,0.9782608695652174,0.9459248870188562,0.023230290801515983,114
0.005823294321695964,0.0024394555476774317,0.003674666086832682,0.004206953284472776,entropy,15,1,10,"{'criterion': 'entropy', 'max_depth': 15, 'min_samples_leaf': 1, 'min_samples_split': 10}",0.9247311827956989,0.9782608695652174,0.967391304347826,0.9567944522362475,0.023102334621082386,20
0.0007599194844563802,6.720256218887402e-05,0.0003559589385986328,5.050123489798627e-06,entropy,15,1,20,"{'criterion': 'entropy', 'max_depth': 15, 'min_samples_leaf': 1, 'min_samples_split': 20}",0.9247311827956989,0.9456521739130435,0.9782608695652174,0.9495480754246532,0.022026353577049684,67
0.0010186831156412761,0.0003033101863161799,0.000652313232421875,0.00042895012030389715,entropy,15,2,2,"{'criterion': 'entropy', 'max_depth': 15, 'min_samples_leaf': 2, 'min_samples_split': 2}",0.9139784946236559,0.9347826086956522,0.9456521739130435,0.9314710924107837,0.013141032303703191,195
0.0008880297342936198,0.00013933253746824448,0.0006506443023681641,0.00043108386741748714,entropy,15,2,5,"{'criterion': 'entropy', 'max_depth': 15, 'min_samples_leaf': 2, 'min_samples_split': 5}",0.9139784946236559,0.9347826086956522,0.9456521739130435,0.9314710924107837,0.013141032303703191,195
0.0007286866505940756,6.172703620060515e-05,0.0003273487091064453,1.8195987663710915e-05,entropy,15,2,10,"{'criterion': 'entropy', 'max_depth': 15, 'min_samples_leaf': 2, 'min_samples_split': 10}",0.9139784946236559,0.9782608695652174,0.9456521739130435,0.9459638460339722,0.026244095039520764,80
0.0011093616485595703,0.0002960091883463127,0.0006666183471679688,0.0002706428605098387,entropy,15,2,20,"{'criterion': 'entropy', 'max_depth': 15, 'min_samples_leaf': 2, 'min_samples_split': 20}",0.9139784946236559,0.9456521739130435,0.9565217391304348,0.9387174692223782,0.018047151393889408,140
0.0011499722798665364,0.00036170486398466947,0.00036827723185221356,3.693633143860966e-05,entropy,15,4,2,"{'criterion': 'entropy', 'max_depth': 15, 'min_samples_leaf': 4, 'min_samples_split': 2}",0.9139784946236559,0.967391304347826,0.9456521739130435,0.9423406576281751,0.02193105356545543,120
0.0007416407267252604,8.721935447801996e-05,0.0003349781036376953,2.328541227264316e-05,entropy,15,4,5,"{'criterion': 'entropy', 'max_depth': 15, 'min_samples_leaf': 4, 'min_samples_split': 5}",0.9139784946236559,0.967391304347826,0.9456521739130435,0.9423406576281751,0.02193105356545543,120
0.0012666384379069011,0.00041088564468906634,0.0005483627319335938,0.00020476653843602637,entropy,15,4,10,"{'criterion': 'entropy', 'max_depth': 15, 'min_samples_leaf': 4, 'min_samples_split': 10}",0.9139784946236559,0.967391304347826,0.9456521739130435,0.9423406576281751,0.02193105356545543,120
0.0007115999857584635,8.842947634408645e-05,0.00032909711201985675,2.8643544544891556e-05,entropy,15,4,20,"{'criterion': 'entropy', 'max_depth': 15, 'min_samples_leaf': 4, 'min_samples_split': 20}",0.9139784946236559,0.967391304347826,0.9565217391304348,0.9459638460339722,0.023048266610670904,80
0.0012496312459309895,0.0003694039919045996,0.0006650288899739584,0.0002268921055248203,entropy,15,8,2,"{'criterion': 'entropy', 'max_depth': 15, 'min_samples_leaf': 8, 'min_samples_split': 2}",0.9247311827956989,0.967391304347826,0.8586956521739131,0.9169393797724794,0.044715547975639355,207
0.0008528232574462891,0.0003021126240849952,0.0007774829864501953,0.00041493468829004827,entropy,15,8,5,"{'criterion': 'entropy', 'max_depth': 15, 'min_samples_leaf': 8, 'min_samples_split': 5}",0.9247311827956989,0.967391304347826,0.8586956521739131,0.9169393797724794,0.044715547975639355,207
0.001348257064819336,0.00010706949869569376,0.0008417765299479166,9.348325971815212e-05,entropy,15,8,10,"{'criterion': 'entropy', 'max_depth': 15, 'min_samples_leaf': 8, 'min_samples_split': 10}",0.9247311827956989,0.967391304347826,0.8586956521739131,0.9169393797724794,0.044715547975639355,207
0.0013422966003417969,0.0004589642899617335,0.0007770061492919922,0.0002422197437010595,entropy,15,8,20,"{'criterion': 'entropy', 'max_depth': 15, 'min_samples_leaf': 8, 'min_samples_split': 20}",0.9247311827956989,0.967391304347826,0.9239130434782609,0.938678510207262,0.0203057586003658,157
0.0012235641479492188,0.00036861028759331755,0.0007263819376627604,0.0002490373329726771,entropy,20,1,2,"{'criterion': 'entropy', 'max_depth': 20, 'min_samples_leaf': 1, 'min_samples_split': 2}",0.9354838709677419,0.9347826086956522,0.9782608695652174,0.9495091164095372,0.020332575248230615,74
0.0007310708363850912,6.012572235714056e-05,0.0003299713134765625,1.6255648448388934e-05,entropy,20,1,5,"{'criterion': 'entropy', 'max_depth': 20, 'min_samples_leaf': 1, 'min_samples_split': 5}",0.9247311827956989,0.9347826086956522,0.9782608695652174,0.9459248870188562,0.023230290801515983,114
0.0007967948913574219,9.555619155913988e-05,0.0003477732340494792,2.2142000174759284e-05,entropy,20,1,10,"{'criterion': 'entropy', 'max_depth': 20, 'min_samples_leaf': 1, 'min_samples_split': 10}",0.9247311827956989,0.9782608695652174,0.967391304347826,0.9567944522362475,0.023102334621082386,20
0.0007102489471435547,6.865544391216127e-05,0.0003486474355061849,3.579579701890459e-05,entropy,20,1,20,"{'criterion': 'entropy', 'max_depth': 20, 'min_samples_leaf': 1, 'min_samples_split': 20}",0.9247311827956989,0.9456521739130435,0.9782608695652174,0.9495480754246532,0.022026353577049684,67
0.0012025038401285808,0.0005698189520362929,0.00044035911560058594,0.0001064395886027492,entropy,20,2,2,"{'criterion': 'entropy', 'max_depth': 20, 'min_samples_leaf': 2, 'min_samples_split': 2}",0.9139784946236559,0.9347826086956522,0.9456521739130435,0.9314710924107837,0.013141032303703191,195
0.0006990432739257812,3.365053936150013e-05,0.0003166993459065755,7.763160172462916e-06,entropy,20,2,5,"{'criterion': 'entropy', 'max_depth': 20, 'min_samples_leaf': 2, 'min_samples_split': 5}",0.9139784946236559,0.9347826086956522,0.9456521739130435,0.9314710924107837,0.013141032303703191,195
0.0007638931274414062,9.554627656093324e-05,0.0003444353739420573,2.9104215573041048e-05,entropy,20,2,10,"{'criterion': 'entropy', 'max_depth': 20, 'min_samples_leaf': 2, 'min_samples_split': 10}",0.9139784946236559,0.9782608695652174,0.9456521739130435,0.9459638460339722,0.026244095039520764,80
0.000747839609781901,9.577511696182899e-05,0.000618139902750651,0.0004340160503925468,entropy,20,2,20,"{'criterion': 'entropy', 'max_depth': 20, 'min_samples_leaf': 2, 'min_samples_split': 20}",0.9139784946236559,0.9456521739130435,0.9565217391304348,0.9387174692223782,0.018047151393889408,140
0.0009996891021728516,0.00035850798075516625,0.0007656415303548177,0.0005397834658816414,entropy,20,4,2,"{'criterion': 'entropy', 'max_depth': 20, 'min_samples_leaf': 4, 'min_samples_split': 2}",0.9139784946236559,0.967391304347826,0.9456521739130435,0.9423406576281751,0.02193105356545543,120
0.0013466676076253254,0.0004897556875409482,0.0008336702982584635,0.0002776861326127888,entropy,20,4,5,"{'criterion': 'entropy', 'max_depth': 20, 'min_samples_leaf': 4, 'min_samples_split': 5}",0.9139784946236559,0.967391304347826,0.9456521739130435,0.9423406576281751,0.02193105356545543,120
0.0012749830881754558,0.0005005830844426922,0.0006856918334960938,0.0004485439048873103,entropy,20,4,10,"{'criterion': 'entropy', 'max_depth': 20, 'min_samples_leaf': 4, 'min_samples_split': 10}",0.9139784946236559,0.967391304347826,0.9456521739130435,0.9423406576281751,0.02193105356545543,120
0.001249233881632487,0.00030756460805672116,0.0009310245513916016,0.0003437121156999422,entropy,20,4,20,"{'criterion': 'entropy', 'max_depth': 20, 'min_samples_leaf': 4, 'min_samples_split': 20}",0.9139784946236559,0.967391304347826,0.9565217391304348,0.9459638460339722,0.023048266610670904,80
0.0008037090301513672,9.955053499539173e-05,0.000360409418741862,2.724331485209062e-05,entropy,20,8,2,"{'criterion': 'entropy', 'max_depth': 20, 'min_samples_leaf': 8, 'min_samples_split': 2}",0.9247311827956989,0.967391304347826,0.8586956521739131,0.9169393797724794,0.044715547975639355,207
0.0007579326629638672,0.0001414475362461787,0.00032782554626464844,1.7769249955062865e-05,entropy,20,8,5,"{'criterion': 'entropy', 'max_depth': 20, 'min_samples_leaf': 8, 'min_samples_split': 5}",0.9247311827956989,0.967391304347826,0.8586956521739131,0.9169393797724794,0.044715547975639355,207
0.0009644031524658203,0.0002489282550644961,0.00042859713236490887,8.550430276934922e-05,entropy,20,8,10,"{'criterion': 'entropy', 'max_depth': 20, 'min_samples_leaf': 8, 'min_samples_split': 10}",0.9247311827956989,0.967391304347826,0.8586956521739131,0.9169393797724794,0.044715547975639355,207
0.0007152557373046875,6.410578608800438e-05,0.0003410180409749349,3.4674036920865176e-05,entropy,20,8,20,"{'criterion': 'entropy', 'max_depth': 20, 'min_samples_leaf': 8, 'min_samples_split': 20}",0.9247311827956989,0.967391304347826,0.9239130434782609,0.938678510207262,0.0203057586003658,157
0.0008645852406819662,0.00022761956587515324,0.0003399054209391276,2.8713578304140663e-05,entropy,,1,2,"{'criterion': 'entropy', 'max_depth': None, 'min_samples_leaf': 1, 'min_samples_split': 2}",0.9354838709677419,0.9347826086956522,0.9782608695652174,0.9495091164095372,0.020332575248230615,74
0.0007623831431070963,4.77807065223109e-05,0.0003510316212972005,4.5166461538928814e-05,entropy,,1,5,"{'criterion': 'entropy', 'max_depth': None, 'min_samples_leaf': 1, 'min_samples_split': 5}",0.9247311827956989,0.9347826086956522,0.9782608695652174,0.9459248870188562,0.023230290801515983,114
0.0007980664571126302,0.00015160526509747318,0.0003265539805094401,1.8982205251846612e-05,entropy,,1,10,"{'criterion': 'entropy', 'max_depth': None, 'min_samples_leaf': 1, 'min_samples_split': 10}",0.9247311827956989,0.9782608695652174,0.967391304347826,0.9567944522362475,0.023102334621082386,20
0.0014316240946451824,0.0005877977642779957,0.0003459453582763672,2.377102183518844e-05,entropy,,1,20,"{'criterion': 'entropy', 'max_depth': None, 'min_samples_leaf': 1, 'min_samples_split': 20}",0.9247311827956989,0.9456521739130435,0.9782608695652174,0.9495480754246532,0.022026353577049684,67
0.0007634162902832031,6.919973476590925e-05,0.0003352165222167969,2.1737534202011276e-05,entropy,,2,2,"{'criterion': 'entropy', 'max_depth': None, 'min_samples_leaf': 2, 'min_samples_split': 2}",0.9139784946236559,0.9347826086956522,0.9456521739130435,0.9314710924107837,0.013141032303703191,195
0.0007190704345703125,7.644752105549249e-05,0.00031757354736328125,1.6273123260954474e-05,entropy,,2,5,"{'criterion': 'entropy', 'max_depth': None, 'min_samples_leaf': 2, 'min_samples_split': 5}",0.9139784946236559,0.9347826086956522,0.9456521739130435,0.9314710924107837,0.013141032303703191,195
0.0007146199544270834,4.0377687848909575e-05,0.00032830238342285156,1.1836387949269185e-05,entropy,,2,10,"{'criterion': 'entropy', 'max_depth': None, 'min_samples_leaf': 2, 'min_samples_split': 10}",0.9139784946236559,0.9782608695652174,0.9456521739130435,0.9459638460339722,0.026244095039520764,80
0.001157840092976888,0.0004931360938953326,0.0006190935770670573,0.0001177604903911052,entropy,,2,20,"{'criterion': 'entropy', 'max_depth': None, 'min_samples_leaf': 2, 'min_samples_split': 20}",0.9139784946236559,0.9456521739130435,0.9565217391304348,0.9387174692223782,0.018047151393889408,140
0.0011643568674723308,0.0004854675857768004,0.00040904680887858075,4.078855004886772e-05,entropy,,4,2,"{'criterion': 'entropy', 'max_depth': None, 'min_samples_leaf': 4, 'min_samples_split': 2}",0.9139784946236559,0.967391304347826,0.9456521739130435,0.9423406576281751,0.02193105356545543,120
0.0008376439412434896,0.00016526315727480355,0.0005893707275390625,0.00037117125073831683,entropy,,4,5,"{'criterion': 'entropy', 'max_depth': None, 'min_samples_leaf': 4, 'min_samples_split': 5}",0.9139784946236559,0.967391304347826,0.9456521739130435,0.9423406576281751,0.02193105356545543,120
0.0007570584615071615,8.408761863885904e-05,0.00034006436665852863,2.467321933306511e-05,entropy,,4,10,"{'criterion': 'entropy', 'max_depth': None, 'min_samples_leaf': 4, 'min_samples_split': 10}",0.9139784946236559,0.967391304347826,0.9456521739130435,0.9423406576281751,0.02193105356545543,120
0.0011247793833414714,0.0006418681097241627,0.00033664703369140625,4.2100967766996945e-05,entropy,,4,20,"{'criterion': 'entropy', 'max_depth': None, 'min_samples_leaf': 4, 'min_samples_split': 20}",0.9139784946236559,0.967391304347826,0.9565217391304348,0.9459638460339722,0.023048266610670904,80
0.000995635986328125,0.0003434456388993366,0.000345309575398763,3.067137620656525e-05,entropy,,8,2,"{'criterion': 'entropy', 'max_depth': None, 'min_samples_leaf': 8, 'min_samples_split': 2}",0.9247311827956989,0.967391304347826,0.8586956521739131,0.9169393797724794,0.044715547975639355,207
0.000636895497639974,1.5590865624450525e-05,0.0003037452697753906,9.866804381474135e-06,entropy,,8,5,"{'criterion': 'entropy', 'max_depth': None, 'min_samples_leaf': 8, 'min_samples_split': 5}",0.9247311827956989,0.967391304347826,0.8586956521739131,0.9169393797724794,0.044715547975639355,207
0.0011306603749593098,0.00029549783322005765,0.00038353602091471356,1.230623824391721e-05,entropy,,8,10,"{'criterion': 'entropy', 'max_depth': None, 'min_samples_leaf': 8, 'min_samples_split': 10}",0.9247311827956989,0.967391304347826,0.8586956521739131,0.9169393797724794,0.044715547975639355,207
0.0006698767344156901,4.3060944661147596e-05,0.0003174146016438802,1.5071792648475722e-05,entropy,,8,20,"{'criterion': 'entropy', 'max_depth': None, 'min_samples_leaf': 8, 'min_samples_split': 20}",0.9247311827956989,0.967391304347826,0.9239130434782609,0.938678510207262,0.0203057586003658,157
