mean_fit_time,std_fit_time,mean_score_time,std_score_time,param_criterion,param_max_depth,param_min_samples_leaf,param_min_samples_split,params,split0_test_score,split1_test_score,split2_test_score,split3_test_score,split4_test_score,mean_test_score,std_test_score,rank_test_score
0.0010636329650878906,0.00030328329217841883,0.0006435871124267578,0.00029903456179000465,gini,3,1,2,"{'criterion': 'gini', 'max_depth': 3, 'min_samples_leaf': 1, 'min_samples_split': 2}",0.9,0.9666666666666667,0.9,0.9,0.9666666666666667,0.9266666666666665,0.03265986323710904,61
0.0008516788482666015,0.00021691465408782437,0.0011668205261230469,0.000826923501538665,gini,3,1,5,"{'criterion': 'gini', 'max_depth': 3, 'min_samples_leaf': 1, 'min_samples_split': 5}",0.9,0.9666666666666667,0.9,0.9,0.9666666666666667,0.9266666666666665,0.03265986323710904,61
0.0008546352386474609,0.00045323572805522203,0.0005505084991455078,0.00023022431809898935,gini,3,1,10,"{'criterion': 'gini', 'max_depth': 3, 'min_samples_leaf': 1, 'min_samples_split': 10}",0.9,0.9666666666666667,0.9,0.9,0.9666666666666667,0.9266666666666665,0.03265986323710904,61
0.0010746479034423827,0.000686482678418819,0.0005576133728027344,0.00028675645905368644,gini,3,1,20,"{'criterion': 'gini', 'max_depth': 3, 'min_samples_leaf': 1, 'min_samples_split': 20}",0.9,0.9666666666666667,0.9,0.9,0.9666666666666667,0.9266666666666665,0.03265986323710904,61
0.001703786849975586,0.0007630676728032318,0.002120828628540039,0.0017713466347127542,gini,3,2,2,"{'criterion': 'gini', 'max_depth': 3, 'min_samples_leaf': 2, 'min_samples_split': 2}",0.9,0.9666666666666667,0.9,0.9,0.9666666666666667,0.9266666666666665,0.03265986323710904,61
0.001060152053833008,0.0004311322737391414,0.0006680965423583984,0.0002743083991286476,gini,3,2,5,"{'criterion': 'gini', 'max_depth': 3, 'min_samples_leaf': 2, 'min_samples_split': 5}",0.9,0.9666666666666667,0.9,0.9,0.9666666666666667,0.9266666666666665,0.03265986323710904,61
0.0008489131927490234,0.0004358989244467212,0.0005066871643066406,0.00022717722285334798,gini,3,2,10,"{'criterion': 'gini', 'max_depth': 3, 'min_samples_leaf': 2, 'min_samples_split': 10}",0.9,0.9666666666666667,0.9,0.9,0.9666666666666667,0.9266666666666665,0.03265986323710904,61
0.0006290912628173828,0.00027274758663754106,0.0004100322723388672,0.00020079620092277835,gini,3,2,20,"{'criterion': 'gini', 'max_depth': 3, 'min_samples_leaf': 2, 'min_samples_split': 20}",0.9,0.9666666666666667,0.9,0.9,0.9666666666666667,0.9266666666666665,0.03265986323710904,61
0.0005595207214355469,0.00011436384307665946,0.00033740997314453126,4.333539537762756e-05,gini,3,4,2,"{'criterion': 'gini', 'max_depth': 3, 'min_samples_leaf': 4, 'min_samples_split': 2}",0.9,0.9666666666666667,0.9,0.9,0.9666666666666667,0.9266666666666665,0.03265986323710904,61
0.0005846500396728515,0.00022073576466798017,0.00030975341796875,2.388920850388279e-05,gini,3,4,5,"{'criterion': 'gini', 'max_depth': 3, 'min_samples_leaf': 4, 'min_samples_split': 5}",0.9,0.9666666666666667,0.9,0.9,0.9666666666666667,0.9266666666666665,0.03265986323710904,61
0.0004872798919677734,9.040301846570727e-05,0.0003060340881347656,2.1956577809286838e-05,gini,3,4,10,"{'criterion': 'gini', 'max_depth': 3, 'min_samples_leaf': 4, 'min_samples_split': 10}",0.9,0.9666666666666667,0.9,0.9,0.9666666666666667,0.9266666666666665,0.03265986323710904,61
0.0005202770233154296,0.00012452110977964837,0.00030493736267089844,2.4190734351983743e-05,gini,3,4,20,"{'criterion': 'gini', 'max_depth': 3, 'min_samples_leaf': 4, 'min_samples_split': 20}",0.9,0.9666666666666667,0.9,0.9,0.9666666666666667,0.9266666666666665,0.03265986323710904,61
0.0013723373413085938,0.0008244695380163595,0.0005924224853515625,0.0002894935055980628,gini,3,8,2,"{'criterion': 'gini', 'max_depth': 3, 'min_samples_leaf': 8, 'min_samples_split': 2}",0.9,0.8,0.9,0.9333333333333333,0.9666666666666667,0.9,0.05577733510227169,141
0.000922393798828125,0.0002579336618266646,0.000632476806640625,0.0002546422220126179,gini,3,8,5,"{'criterion': 'gini', 'max_depth': 3, 'min_samples_leaf': 8, 'min_samples_split': 5}",0.9,0.8,0.9,0.9333333333333333,0.9666666666666667,0.9,0.05577733510227169,141
0.0008505344390869141,0.00034363323980627627,0.0005469322204589844,0.00024430946196877824,gini,3,8,10,"{'criterion': 'gini', 'max_depth': 3, 'min_samples_leaf': 8, 'min_samples_split': 10}",0.9,0.8,0.9,0.9333333333333333,0.9666666666666667,0.9,0.05577733510227169,141
0.0008219718933105469,0.0005609106167820908,0.00040340423583984375,0.000143550082181715,gini,3,8,20,"{'criterion': 'gini', 'max_depth': 3, 'min_samples_leaf': 8, 'min_samples_split': 20}",0.9,0.8,0.9,0.9333333333333333,0.9666666666666667,0.9,0.05577733510227169,141
0.0005426883697509765,8.544549337849312e-05,0.00031638145446777344,2.852227679145443e-05,gini,5,1,2,"{'criterion': 'gini', 'max_depth': 5, 'min_samples_leaf': 1, 'min_samples_split': 2}",0.9666666666666667,1.0,0.9333333333333333,0.9333333333333333,1.0,0.9666666666666668,0.029814239699997188,1
0.0004962921142578125,4.3509032564407815e-05,0.0003566741943359375,0.00010657443828729989,gini,5,1,5,"{'criterion': 'gini', 'max_depth': 5, 'min_samples_leaf': 1, 'min_samples_split': 5}",0.9666666666666667,1.0,0.9333333333333333,0.9,1.0,0.9600000000000002,0.038873012632301994,3
0.0006944179534912109,0.00040011347696886795,0.0006406307220458984,0.00044602607079000523,gini,5,1,10,"{'criterion': 'gini', 'max_depth': 5, 'min_samples_leaf': 1, 'min_samples_split': 10}",0.9333333333333333,0.8,0.9333333333333333,0.9,1.0,0.9133333333333333,0.06531972647421808,93
0.0006919384002685546,0.00038673805327641976,0.0003426074981689453,8.920194642983411e-05,gini,5,1,20,"{'criterion': 'gini', 'max_depth': 5, 'min_samples_leaf': 1, 'min_samples_split': 20}",0.9333333333333333,0.8,0.9333333333333333,0.9,1.0,0.9133333333333333,0.06531972647421808,93
0.0007754325866699219,0.00028528101982648054,0.0004733562469482422,0.0002297174874865499,gini,5,2,2,"{'criterion': 'gini', 'max_depth': 5, 'min_samples_leaf': 2, 'min_samples_split': 2}",0.9666666666666667,1.0,0.9333333333333333,0.9,1.0,0.9600000000000002,0.038873012632301994,3
0.00048198699951171873,2.4388997055640105e-05,0.00029497146606445314,7.333687284670796e-06,gini,5,2,5,"{'criterion': 'gini', 'max_depth': 5, 'min_samples_leaf': 2, 'min_samples_split': 5}",0.9666666666666667,1.0,0.9333333333333333,0.9,1.0,0.9600000000000002,0.038873012632301994,3
0.00048770904541015623,6.282944350589662e-05,0.00029501914978027346,2.1342711318760634e-05,gini,5,2,10,"{'criterion': 'gini', 'max_depth': 5, 'min_samples_leaf': 2, 'min_samples_split': 10}",0.9333333333333333,0.8,0.9333333333333333,0.9,1.0,0.9133333333333333,0.06531972647421808,93
0.001005697250366211,0.0010598333584759675,0.00031599998474121096,5.678900338478527e-05,gini,5,2,20,"{'criterion': 'gini', 'max_depth': 5, 'min_samples_leaf': 2, 'min_samples_split': 20}",0.9333333333333333,0.8,0.9333333333333333,0.9,1.0,0.9133333333333333,0.06531972647421808,93
0.0004909038543701172,4.336020580561164e-05,0.000502920150756836,0.00041404316035393505,gini,5,4,2,"{'criterion': 'gini', 'max_depth': 5, 'min_samples_leaf': 4, 'min_samples_split': 2}",0.9333333333333333,0.9666666666666667,0.9,0.8666666666666667,1.0,0.9333333333333332,0.04714045207910316,44
0.0005297183990478516,5.704562976476024e-05,0.0003582954406738281,9.228682756960433e-05,gini,5,4,5,"{'criterion': 'gini', 'max_depth': 5, 'min_samples_leaf': 4, 'min_samples_split': 5}",0.9333333333333333,0.9666666666666667,0.9,0.8666666666666667,1.0,0.9333333333333332,0.04714045207910316,44
0.0006458282470703125,0.00022453083579340383,0.000493001937866211,0.00024409393333446594,gini,5,4,10,"{'criterion': 'gini', 'max_depth': 5, 'min_samples_leaf': 4, 'min_samples_split': 10}",0.9333333333333333,0.8,0.9,0.8666666666666667,1.0,0.9,0.06666666666666665,141
0.0015019416809082032,0.0012941250101348302,0.0003892421722412109,0.00011528849650434657,gini,5,4,20,"{'criterion': 'gini', 'max_depth': 5, 'min_samples_leaf': 4, 'min_samples_split': 20}",0.9333333333333333,0.8,0.9,0.8666666666666667,1.0,0.9,0.06666666666666665,141
0.0006299972534179688,0.00031861681591833406,0.001348590850830078,0.0021081812174584516,gini,5,8,2,"{'criterion': 'gini', 'max_depth': 5, 'min_samples_leaf': 8, 'min_samples_split': 2}",0.9,0.8,0.9,0.9333333333333333,0.9666666666666667,0.9,0.05577733510227169,141
0.0005474567413330078,0.0001226140555821253,0.0003051280975341797,1.305036313111626e-05,gini,5,8,5,"{'criterion': 'gini', 'max_depth': 5, 'min_samples_leaf': 8, 'min_samples_split': 5}",0.9,0.8,0.9,0.9333333333333333,0.9666666666666667,0.9,0.05577733510227169,141
0.0008736133575439453,0.0003627877066064239,0.0005881786346435547,0.0002560120451249852,gini,5,8,10,"{'criterion': 'gini', 'max_depth': 5, 'min_samples_leaf': 8, 'min_samples_split': 10}",0.9,0.8,0.9,0.9333333333333333,0.9666666666666667,0.9,0.05577733510227169,141
0.0007225990295410157,0.00042347068539908683,0.00042324066162109376,0.00019986772684610216,gini,5,8,20,"{'criterion': 'gini', 'max_depth': 5, 'min_samples_leaf': 8, 'min_samples_split': 20}",0.9,0.8,0.9,0.9333333333333333,0.9666666666666667,0.9,0.05577733510227169,141
0.0009453773498535156,0.00031701109741479787,0.0009448051452636719,0.0007187979312109862,gini,7,1,2,"{'criterion': 'gini', 'max_depth': 7, 'min_samples_leaf': 1, 'min_samples_split': 2}",0.9666666666666667,0.9,0.9666666666666667,0.9333333333333333,1.0,0.9533333333333334,0.03399346342395189,16
0.0007215499877929688,0.0004811934936936993,0.00040340423583984375,0.0001528585536820826,gini,7,1,5,"{'criterion': 'gini', 'max_depth': 7, 'min_samples_leaf': 1, 'min_samples_split': 5}",0.9666666666666667,0.9,0.9666666666666667,0.9,1.0,0.9466666666666667,0.039999999999999994,24
0.0004971981048583985,6.667090696670402e-05,0.00029573440551757815,2.189072094329326e-05,gini,7,1,10,"{'criterion': 'gini', 'max_depth': 7, 'min_samples_leaf': 1, 'min_samples_split': 10}",0.9333333333333333,0.8,0.9333333333333333,0.9,1.0,0.9133333333333333,0.06531972647421808,93
0.0004886150360107422,4.114792481533612e-05,0.0002971649169921875,1.424187350441962e-05,gini,7,1,20,"{'criterion': 'gini', 'max_depth': 7, 'min_samples_leaf': 1, 'min_samples_split': 20}",0.9333333333333333,0.8,0.9333333333333333,0.9,1.0,0.9133333333333333,0.06531972647421808,93
0.0007712364196777344,0.0006653435740125504,0.00041522979736328123,0.0002729439635343478,gini,7,2,2,"{'criterion': 'gini', 'max_depth': 7, 'min_samples_leaf': 2, 'min_samples_split': 2}",0.9666666666666667,0.9666666666666667,0.9666666666666667,0.9,1.0,0.96,0.03265986323710903,6
0.0009160995483398438,0.0002776676285883303,0.0006543159484863281,0.0001900681884675543,gini,7,2,5,"{'criterion': 'gini', 'max_depth': 7, 'min_samples_leaf': 2, 'min_samples_split': 5}",0.9666666666666667,0.9666666666666667,0.9666666666666667,0.9,1.0,0.96,0.03265986323710903,6
0.000805807113647461,0.00035476285281036524,0.00042657852172851564,0.0001872083209095778,gini,7,2,10,"{'criterion': 'gini', 'max_depth': 7, 'min_samples_leaf': 2, 'min_samples_split': 10}",0.9333333333333333,0.8,0.9333333333333333,0.9,1.0,0.9133333333333333,0.06531972647421808,93
0.0005143165588378906,0.00013233596284571773,0.00044918060302734375,0.00033048203667516925,gini,7,2,20,"{'criterion': 'gini', 'max_depth': 7, 'min_samples_leaf': 2, 'min_samples_split': 20}",0.9333333333333333,0.8,0.9333333333333333,0.9,1.0,0.9133333333333333,0.06531972647421808,93
0.0009690284729003906,0.0003354309828552852,0.0007079601287841797,0.00033413958895784794,gini,7,4,2,"{'criterion': 'gini', 'max_depth': 7, 'min_samples_leaf': 4, 'min_samples_split': 2}",0.9333333333333333,0.9666666666666667,0.9,0.8666666666666667,1.0,0.9333333333333332,0.04714045207910316,44
0.00048203468322753905,4.3825822793401515e-05,0.00029497146606445314,1.5681636551676398e-05,gini,7,4,5,"{'criterion': 'gini', 'max_depth': 7, 'min_samples_leaf': 4, 'min_samples_split': 5}",0.9333333333333333,0.9666666666666667,0.9,0.8666666666666667,1.0,0.9333333333333332,0.04714045207910316,44
0.000569009780883789,0.0002491855637762302,0.00058441162109375,0.00039646288227264057,gini,7,4,10,"{'criterion': 'gini', 'max_depth': 7, 'min_samples_leaf': 4, 'min_samples_split': 10}",0.9333333333333333,0.8,0.9,0.8666666666666667,1.0,0.9,0.06666666666666665,141
0.0005889415740966796,0.00023046765708247474,0.0003754138946533203,0.0001595030344088929,gini,7,4,20,"{'criterion': 'gini', 'max_depth': 7, 'min_samples_leaf': 4, 'min_samples_split': 20}",0.9333333333333333,0.8,0.9,0.8666666666666667,1.0,0.9,0.06666666666666665,141
0.000778818130493164,0.0006008476974937327,0.0009747505187988281,0.0013203240813091336,gini,7,8,2,"{'criterion': 'gini', 'max_depth': 7, 'min_samples_leaf': 8, 'min_samples_split': 2}",0.9,0.8,0.9,0.9333333333333333,0.9666666666666667,0.9,0.05577733510227169,141
0.0010428428649902344,0.0004920938449267642,0.0005594730377197265,0.00029107030677420726,gini,7,8,5,"{'criterion': 'gini', 'max_depth': 7, 'min_samples_leaf': 8, 'min_samples_split': 5}",0.9,0.8,0.9,0.9333333333333333,0.9666666666666667,0.9,0.05577733510227169,141
0.0007875919342041016,0.000320534733035836,0.0005506038665771485,0.00019410720022202305,gini,7,8,10,"{'criterion': 'gini', 'max_depth': 7, 'min_samples_leaf': 8, 'min_samples_split': 10}",0.9,0.8,0.9,0.9333333333333333,0.9666666666666667,0.9,0.05577733510227169,141
0.0004429817199707031,1.4243789193820441e-05,0.0002850532531738281,5.421284099527729e-06,gini,7,8,20,"{'criterion': 'gini', 'max_depth': 7, 'min_samples_leaf': 8, 'min_samples_split': 20}",0.9,0.8,0.9,0.9333333333333333,0.9666666666666667,0.9,0.05577733510227169,141
0.0006382942199707031,0.00016783268555911143,0.0003777027130126953,9.810609047639023e-05,gini,10,1,2,"{'criterion': 'gini', 'max_depth': 10, 'min_samples_leaf': 1, 'min_samples_split': 2}",0.9666666666666667,0.9,0.9666666666666667,0.9333333333333333,1.0,0.9533333333333334,0.03399346342395189,16
0.0011299610137939452,0.000550116421684131,0.0004990100860595703,0.0002150802532299019,gini,10,1,5,"{'criterion': 'gini', 'max_depth': 10, 'min_samples_leaf': 1, 'min_samples_split': 5}",0.9666666666666667,0.9,0.9666666666666667,0.9,1.0,0.9466666666666667,0.039999999999999994,24
0.0005198478698730469,5.843533830533919e-05,0.00030536651611328124,2.2648208966260552e-05,gini,10,1,10,"{'criterion': 'gini', 'max_depth': 10, 'min_samples_leaf': 1, 'min_samples_split': 10}",0.9333333333333333,0.8,0.9333333333333333,0.9,1.0,0.9133333333333333,0.06531972647421808,93
0.0014211654663085938,0.001519820901321439,0.0005038261413574218,0.00022580555028713534,gini,10,1,20,"{'criterion': 'gini', 'max_depth': 10, 'min_samples_leaf': 1, 'min_samples_split': 20}",0.9333333333333333,0.8,0.9333333333333333,0.9,1.0,0.9133333333333333,0.06531972647421808,93
0.0007269382476806641,0.0004732446763846569,0.0004454135894775391,0.00026965735333659465,gini,10,2,2,"{'criterion': 'gini', 'max_depth': 10, 'min_samples_leaf': 2, 'min_samples_split': 2}",0.9666666666666667,0.9666666666666667,0.9666666666666667,0.9,1.0,0.96,0.03265986323710903,6
0.0007300376892089844,0.0003588344247887675,0.0005105018615722656,0.0002454812338990644,gini,10,2,5,"{'criterion': 'gini', 'max_depth': 10, 'min_samples_leaf': 2, 'min_samples_split': 5}",0.9666666666666667,0.9666666666666667,0.9666666666666667,0.9,1.0,0.96,0.03265986323710903,6
0.0007258415222167969,0.00024651819769956173,0.00045223236083984374,0.00017566731387634317,gini,10,2,10,"{'criterion': 'gini', 'max_depth': 10, 'min_samples_leaf': 2, 'min_samples_split': 10}",0.9333333333333333,0.8,0.9333333333333333,0.9,1.0,0.9133333333333333,0.06531972647421808,93
0.0004458904266357422,3.77093485255576e-06,0.0002789020538330078,4.699689227231473e-06,gini,10,2,20,"{'criterion': 'gini', 'max_depth': 10, 'min_samples_leaf': 2, 'min_samples_split': 20}",0.9333333333333333,0.8,0.9333333333333333,0.9,1.0,0.9133333333333333,0.06531972647421808,93
0.0006395339965820313,0.00027410906792158814,0.0003708839416503906,0.00014610010398390363,gini,10,4,2,"{'criterion': 'gini', 'max_depth': 10, 'min_samples_leaf': 4, 'min_samples_split': 2}",0.9333333333333333,0.9666666666666667,0.9,0.8666666666666667,1.0,0.9333333333333332,0.04714045207910316,44
0.002286338806152344,0.0022482430644875998,0.0022290706634521484,0.0028507398486564382,gini,10,4,5,"{'criterion': 'gini', 'max_depth': 10, 'min_samples_leaf': 4, 'min_samples_split': 5}",0.9333333333333333,0.9666666666666667,0.9,0.8666666666666667,1.0,0.9333333333333332,0.04714045207910316,44
0.000475311279296875,3.8578631033277304e-05,0.0002937793731689453,9.590711478498615e-06,gini,10,4,10,"{'criterion': 'gini', 'max_depth': 10, 'min_samples_leaf': 4, 'min_samples_split': 10}",0.9333333333333333,0.8,0.9,0.8666666666666667,1.0,0.9,0.06666666666666665,141
0.0008251667022705078,0.00032922320233054513,0.0005918025970458984,0.0002662539052461513,gini,10,4,20,"{'criterion': 'gini', 'max_depth': 10, 'min_samples_leaf': 4, 'min_samples_split': 20}",0.9333333333333333,0.8,0.9,0.8666666666666667,1.0,0.9,0.06666666666666665,141
0.0008265972137451172,0.0002688993773775365,0.0006426811218261719,0.0002511948369544099,gini,10,8,2,"{'criterion': 'gini', 'max_depth': 10, 'min_samples_leaf': 8, 'min_samples_split': 2}",0.9,0.8,0.9,0.9333333333333333,0.9666666666666667,0.9,0.05577733510227169,141
0.0004848957061767578,3.4185400021392135e-05,0.0003048896789550781,1.7535941765883144e-05,gini,10,8,5,"{'criterion': 'gini', 'max_depth': 10, 'min_samples_leaf': 8, 'min_samples_split': 5}",0.9,0.8,0.9,0.9333333333333333,0.9666666666666667,0.9,0.05577733510227169,141
0.0009066581726074219,0.0004123602830081388,0.0013463497161865234,0.0015122520342114357,gini,10,8,10,"{'criterion': 'gini', 'max_depth': 10, 'min_samples_leaf': 8, 'min_samples_split': 10}",0.9,0.8,0.9,0.9333333333333333,0.9666666666666667,0.9,0.05577733510227169,141
0.0011339664459228515,0.0004885669753300115,0.000708627700805664,0.000315130072368596,gini,10,8,20,"{'criterion': 'gini', 'max_depth': 10, 'min_samples_leaf': 8, 'min_samples_split': 20}",0.9,0.8,0.9,0.9333333333333333,0.9666666666666667,0.9,0.05577733510227169,141
0.0005198478698730469,8.944181398957103e-05,0.0003080844879150391,2.9884187791964505e-05,gini,15,1,2,"{'criterion': 'gini', 'max_depth': 15, 'min_samples_leaf': 1, 'min_samples_split': 2}",0.9666666666666667,0.9,0.9666666666666667,0.9333333333333333,1.0,0.9533333333333334,0.03399346342395189,16
0.002441263198852539,0.0035640476710696468,0.0005883216857910156,0.0002534237020002274,gini,15,1,5,"{'criterion': 'gini', 'max_depth': 15, 'min_samples_leaf': 1, 'min_samples_split': 5}",0.9666666666666667,0.9,0.9666666666666667,0.9,1.0,0.9466666666666667,0.039999999999999994,24
0.0014020442962646485,0.0014599611214595578,0.0004995346069335937,0.0002321388742376581,gini,15,1,10,"{'criterion': 'gini', 'max_depth': 15, 'min_samples_leaf': 1, 'min_samples_split': 10}",0.9333333333333333,0.8,0.9333333333333333,0.9,1.0,0.9133333333333333,0.06531972647421808,93
0.0017864227294921875,0.0013286088967006712,0.00103302001953125,0.0003923936810713918,gini,15,1,20,"{'criterion': 'gini', 'max_depth': 15, 'min_samples_leaf': 1, 'min_samples_split': 20}",0.9333333333333333,0.8,0.9333333333333333,0.9,1.0,0.9133333333333333,0.06531972647421808,93
0.0005700588226318359,0.00019324198683354565,0.00030059814453125,2.6739640138674367e-05,gini,15,2,2,"{'criterion': 'gini', 'max_depth': 15, 'min_samples_leaf': 2, 'min_samples_split': 2}",0.9666666666666667,0.9666666666666667,0.9666666666666667,0.9,1.0,0.96,0.03265986323710903,6
0.00085296630859375,0.00044110670744439666,0.0007106781005859375,0.00020129563019393202,gini,15,2,5,"{'criterion': 'gini', 'max_depth': 15, 'min_samples_leaf': 2, 'min_samples_split': 5}",0.9666666666666667,0.9666666666666667,0.9666666666666667,0.9,1.0,0.96,0.03265986323710903,6
0.0005413532257080078,9.302170276101347e-05,0.0003989696502685547,0.00016515663691788927,gini,15,2,10,"{'criterion': 'gini', 'max_depth': 15, 'min_samples_leaf': 2, 'min_samples_split': 10}",0.9333333333333333,0.8,0.9333333333333333,0.9,1.0,0.9133333333333333,0.06531972647421808,93
0.0004573822021484375,8.182447828798794e-06,0.00028438568115234374,5.338447010138314e-06,gini,15,2,20,"{'criterion': 'gini', 'max_depth': 15, 'min_samples_leaf': 2, 'min_samples_split': 20}",0.9333333333333333,0.8,0.9333333333333333,0.9,1.0,0.9133333333333333,0.06531972647421808,93
0.000538778305053711,0.00020573528078121379,0.0003156185150146484,7.026343979964524e-05,gini,15,4,2,"{'criterion': 'gini', 'max_depth': 15, 'min_samples_leaf': 4, 'min_samples_split': 2}",0.9333333333333333,0.9666666666666667,0.9,0.8666666666666667,1.0,0.9333333333333332,0.04714045207910316,44
0.0005121231079101562,4.890382940439887e-05,0.00033626556396484377,6.76696611609808e-05,gini,15,4,5,"{'criterion': 'gini', 'max_depth': 15, 'min_samples_leaf': 4, 'min_samples_split': 5}",0.9333333333333333,0.9666666666666667,0.9,0.8666666666666667,1.0,0.9333333333333332,0.04714045207910316,44
0.002988100051879883,0.0037282695652101337,0.0007945537567138672,0.000657373828436068,gini,15,4,10,"{'criterion': 'gini', 'max_depth': 15, 'min_samples_leaf': 4, 'min_samples_split': 10}",0.9333333333333333,0.8,0.9,0.8666666666666667,1.0,0.9,0.06666666666666665,141
0.0007747650146484375,0.0006058188340394849,0.00041046142578125,0.0002312210668543239,gini,15,4,20,"{'criterion': 'gini', 'max_depth': 15, 'min_samples_leaf': 4, 'min_samples_split': 20}",0.9333333333333333,0.8,0.9,0.8666666666666667,1.0,0.9,0.06666666666666665,141
0.000767374038696289,0.0003387439425443783,0.0005069732666015625,0.00025043388585856044,gini,15,8,2,"{'criterion': 'gini', 'max_depth': 15, 'min_samples_leaf': 8, 'min_samples_split': 2}",0.9,0.8,0.9,0.9333333333333333,0.9666666666666667,0.9,0.05577733510227169,141
0.0004661083221435547,4.716109936362485e-05,0.0006344795227050781,0.0006848761059627208,gini,15,8,5,"{'criterion': 'gini', 'max_depth': 15, 'min_samples_leaf': 8, 'min_samples_split': 5}",0.9,0.8,0.9,0.9333333333333333,0.9666666666666667,0.9,0.05577733510227169,141
0.0009851932525634765,0.0006117171307328691,0.000525808334350586,0.00041432113143912385,gini,15,8,10,"{'criterion': 'gini', 'max_depth': 15, 'min_samples_leaf': 8, 'min_samples_split': 10}",0.9,0.8,0.9,0.9333333333333333,0.9666666666666667,0.9,0.05577733510227169,141
0.0004343986511230469,1.0450242883080965e-05,0.0002865791320800781,1.5006361589638477e-05,gini,15,8,20,"{'criterion': 'gini', 'max_depth': 15, 'min_samples_leaf': 8, 'min_samples_split': 20}",0.9,0.8,0.9,0.9333333333333333,0.9666666666666667,0.9,0.05577733510227169,141
0.000523519515991211,6.723275420130846e-05,0.00032749176025390623,4.648993562424204e-05,gini,20,1,2,"{'criterion': 'gini', 'max_depth': 20, 'min_samples_leaf': 1, 'min_samples_split': 2}",0.9666666666666667,0.9,0.9666666666666667,0.9333333333333333,1.0,0.9533333333333334,0.03399346342395189,16
0.0004756927490234375,5.198933471791012e-05,0.0002899169921875,1.4903735892067243e-05,gini,20,1,5,"{'criterion': 'gini', 'max_depth': 20, 'min_samples_leaf': 1, 'min_samples_split': 5}",0.9666666666666667,0.9,0.9666666666666667,0.9,1.0,0.9466666666666667,0.039999999999999994,24
0.0005211830139160156,0.00011601801810807739,0.0002994537353515625,1.8944902921027117e-05,gini,20,1,10,"{'criterion': 'gini', 'max_depth': 20, 'min_samples_leaf': 1, 'min_samples_split': 10}",0.9333333333333333,0.8,0.9333333333333333,0.9,1.0,0.9133333333333333,0.06531972647421808,93
0.0019154071807861329,0.0018288704105112693,0.00036749839782714846,9.400135579995907e-05,gini,20,1,20,"{'criterion': 'gini', 'max_depth': 20, 'min_samples_leaf': 1, 'min_samples_split': 20}",0.9333333333333333,0.8,0.9333333333333333,0.9,1.0,0.9133333333333333,0.06531972647421808,93
0.0007617473602294922,0.00045926429237096167,0.000534677505493164,0.00038482665968357237,gini,20,2,2,"{'criterion': 'gini', 'max_depth': 20, 'min_samples_leaf': 2, 'min_samples_split': 2}",0.9666666666666667,0.9666666666666667,0.9666666666666667,0.9,1.0,0.96,0.03265986323710903,6
0.0011610984802246094,0.0005375347236296285,0.0006661415100097656,0.0002999690050934025,gini,20,2,5,"{'criterion': 'gini', 'max_depth': 20, 'min_samples_leaf': 2, 'min_samples_split': 5}",0.9666666666666667,0.9666666666666667,0.9666666666666667,0.9,1.0,0.96,0.03265986323710903,6
0.0006436347961425781,0.00024137460210463992,0.00045576095581054685,0.00030532448096280343,gini,20,2,10,"{'criterion': 'gini', 'max_depth': 20, 'min_samples_leaf': 2, 'min_samples_split': 10}",0.9333333333333333,0.8,0.9333333333333333,0.9,1.0,0.9133333333333333,0.06531972647421808,93
0.000472259521484375,2.1888020218966988e-05,0.00030245780944824217,2.6331861466996943e-05,gini,20,2,20,"{'criterion': 'gini', 'max_depth': 20, 'min_samples_leaf': 2, 'min_samples_split': 20}",0.9333333333333333,0.8,0.9333333333333333,0.9,1.0,0.9133333333333333,0.06531972647421808,93
0.0005059719085693359,9.303903128943319e-05,0.0002934455871582031,1.5371176958843462e-05,gini,20,4,2,"{'criterion': 'gini', 'max_depth': 20, 'min_samples_leaf': 4, 'min_samples_split': 2}",0.9333333333333333,0.9666666666666667,0.9,0.8666666666666667,1.0,0.9333333333333332,0.04714045207910316,44
0.001002931594848633,0.00047235484077981716,0.0008244514465332031,0.00037275400997565305,gini,20,4,5,"{'criterion': 'gini', 'max_depth': 20, 'min_samples_leaf': 4, 'min_samples_split': 5}",0.9333333333333333,0.9666666666666667,0.9,0.8666666666666667,1.0,0.9333333333333332,0.04714045207910316,44
0.0006486892700195313,0.00023482617453575837,0.00034399032592773436,6.093643071767858e-05,gini,20,4,10,"{'criterion': 'gini', 'max_depth': 20, 'min_samples_leaf': 4, 'min_samples_split': 10}",0.9333333333333333,0.8,0.9,0.8666666666666667,1.0,0.9,0.06666666666666665,141
0.0005837917327880859,0.00022590844664865923,0.00046858787536621096,0.00034825692082303465,gini,20,4,20,"{'criterion': 'gini', 'max_depth': 20, 'min_samples_leaf': 4, 'min_samples_split': 20}",0.9333333333333333,0.8,0.9,0.8666666666666667,1.0,0.9,0.06666666666666665,141
0.0006535530090332031,0.00039968931481950076,0.00041265487670898436,0.0002050169332994282,gini,20,8,2,"{'criterion': 'gini', 'max_depth': 20, 'min_samples_leaf': 8, 'min_samples_split': 2}",0.9,0.8,0.9,0.9333333333333333,0.9666666666666667,0.9,0.05577733510227169,141
0.0009218692779541015,0.000541805905739637,0.0005994796752929688,0.00036985571022170815,gini,20,8,5,"{'criterion': 'gini', 'max_depth': 20, 'min_samples_leaf': 8, 'min_samples_split': 5}",0.9,0.8,0.9,0.9333333333333333,0.9666666666666667,0.9,0.05577733510227169,141
0.0008018016815185547,0.0004555405586540865,0.0006506443023681641,0.0003061248876997366,gini,20,8,10,"{'criterion': 'gini', 'max_depth': 20, 'min_samples_leaf': 8, 'min_samples_split': 10}",0.9,0.8,0.9,0.9333333333333333,0.9666666666666667,0.9,0.05577733510227169,141
0.0008687973022460938,0.0003250385593310923,0.0006737709045410156,0.0005116138510196277,gini,20,8,20,"{'criterion': 'gini', 'max_depth': 20, 'min_samples_leaf': 8, 'min_samples_split': 20}",0.9,0.8,0.9,0.9333333333333333,0.9666666666666667,0.9,0.05577733510227169,141
0.0010746479034423827,0.0009461633858996802,0.00041294097900390625,0.000199712016919563,gini,,1,2,"{'criterion': 'gini', 'max_depth': None, 'min_samples_leaf': 1, 'min_samples_split': 2}",0.9666666666666667,0.9,0.9666666666666667,0.9333333333333333,1.0,0.9533333333333334,0.03399346342395189,16
0.0005001544952392579,4.944490939839289e-05,0.0003113746643066406,3.320478413710556e-05,gini,,1,5,"{'criterion': 'gini', 'max_depth': None, 'min_samples_leaf': 1, 'min_samples_split': 5}",0.9666666666666667,0.9,0.9666666666666667,0.9,1.0,0.9466666666666667,0.039999999999999994,24
0.0007112026214599609,0.00048270677959895967,0.0003242015838623047,5.100561944171829e-05,gini,,1,10,"{'criterion': 'gini', 'max_depth': None, 'min_samples_leaf': 1, 'min_samples_split': 10}",0.9333333333333333,0.8,0.9333333333333333,0.9,1.0,0.9133333333333333,0.06531972647421808,93
0.0005205631256103516,6.601338164717314e-05,0.0003072261810302734,2.5099758663602516e-05,gini,,1,20,"{'criterion': 'gini', 'max_depth': None, 'min_samples_leaf': 1, 'min_samples_split': 20}",0.9333333333333333,0.8,0.9333333333333333,0.9,1.0,0.9133333333333333,0.06531972647421808,93
0.001077556610107422,0.0007749971357125043,0.0006472110748291015,0.00031327862353066325,gini,,2,2,"{'criterion': 'gini', 'max_depth': None, 'min_samples_leaf': 2, 'min_samples_split': 2}",0.9666666666666667,0.9666666666666667,0.9666666666666667,0.9,1.0,0.96,0.03265986323710903,6
0.0004957675933837891,5.658966303220134e-05,0.0003002166748046875,1.9528446517846898e-05,gini,,2,5,"{'criterion': 'gini', 'max_depth': None, 'min_samples_leaf': 2, 'min_samples_split': 5}",0.9666666666666667,0.9666666666666667,0.9666666666666667,0.9,1.0,0.96,0.03265986323710903,6
0.001617765426635742,0.0014692273261245432,0.00066070556640625,0.00038721835580718156,gini,,2,10,"{'criterion': 'gini', 'max_depth': None, 'min_samples_leaf': 2, 'min_samples_split': 10}",0.9333333333333333,0.8,0.9333333333333333,0.9,1.0,0.9133333333333333,0.06531972647421808,93
0.0004889488220214844,5.936735604065141e-05,0.0002932548522949219,1.9071101993303744e-05,gini,,2,20,"{'criterion': 'gini', 'max_depth': None, 'min_samples_leaf': 2, 'min_samples_split': 20}",0.9333333333333333,0.8,0.9333333333333333,0.9,1.0,0.9133333333333333,0.06531972647421808,93
0.0004467010498046875,1.322447489331491e-05,0.0002800941467285156,3.5279505373180223e-06,gini,,4,2,"{'criterion': 'gini', 'max_depth': None, 'min_samples_leaf': 4, 'min_samples_split': 2}",0.9333333333333333,0.9666666666666667,0.9,0.8666666666666667,1.0,0.9333333333333332,0.04714045207910316,44
0.0007975578308105468,0.0003534086374805579,0.0005083084106445312,0.0002583269870491728,gini,,4,5,"{'criterion': 'gini', 'max_depth': None, 'min_samples_leaf': 4, 'min_samples_split': 5}",0.9333333333333333,0.9666666666666667,0.9,0.8666666666666667,1.0,0.9333333333333332,0.04714045207910316,44
0.0004509925842285156,9.734487812808716e-06,0.0002812385559082031,6.023266858916521e-06,gini,,4,10,"{'criterion': 'gini', 'max_depth': None, 'min_samples_leaf': 4, 'min_samples_split': 10}",0.9333333333333333,0.8,0.9,0.8666666666666667,1.0,0.9,0.06666666666666665,141
0.0006029605865478516,0.00030027549360133745,0.0010571002960205079,0.0011276134517363445,gini,,4,20,"{'criterion': 'gini', 'max_depth': None, 'min_samples_leaf': 4, 'min_samples_split': 20}",0.9333333333333333,0.8,0.9,0.8666666666666667,1.0,0.9,0.06666666666666665,141
0.0009427070617675781,0.00039116196331829585,0.0005825519561767578,0.00029812328947517974,gini,,8,2,"{'criterion': 'gini', 'max_depth': None, 'min_samples_leaf': 8, 'min_samples_split': 2}",0.9,0.8,0.9,0.9333333333333333,0.9666666666666667,0.9,0.05577733510227169,141
0.0012740135192871095,0.0007590110582241735,0.001129150390625,0.0010157279880403925,gini,,8,5,"{'criterion': 'gini', 'max_depth': None, 'min_samples_leaf': 8, 'min_samples_split': 5}",0.9,0.8,0.9,0.9333333333333333,0.9666666666666667,0.9,0.05577733510227169,141
0.0012824058532714844,0.00034676119435360906,0.000705099105834961,0.00019076148085832848,gini,,8,10,"{'criterion': 'gini', 'max_depth': None, 'min_samples_leaf': 8, 'min_samples_split': 10}",0.9,0.8,0.9,0.9333333333333333,0.9666666666666667,0.9,0.05577733510227169,141
0.001237964630126953,0.0010737230047839154,0.0006336688995361329,0.0005728712847128069,gini,,8,20,"{'criterion': 'gini', 'max_depth': None, 'min_samples_leaf': 8, 'min_samples_split': 20}",0.9,0.8,0.9,0.9333333333333333,0.9666666666666667,0.9,0.05577733510227169,141
0.0009696483612060547,0.0006810751613764129,0.0007695198059082031,0.0005250715183067663,entropy,3,1,2,"{'criterion': 'entropy', 'max_depth': 3, 'min_samples_leaf': 1, 'min_samples_split': 2}",0.9,0.9666666666666667,0.9,0.9,0.9666666666666667,0.9266666666666665,0.03265986323710904,61
0.0009447574615478515,0.0006772980727586514,0.00043659210205078126,0.00021827985379318374,entropy,3,1,5,"{'criterion': 'entropy', 'max_depth': 3, 'min_samples_leaf': 1, 'min_samples_split': 5}",0.9,0.9666666666666667,0.9,0.9,0.9666666666666667,0.9266666666666665,0.03265986323710904,61
0.0010175228118896485,0.0004309968405100766,0.0005382537841796875,0.00021387917201846673,entropy,3,1,10,"{'criterion': 'entropy', 'max_depth': 3, 'min_samples_leaf': 1, 'min_samples_split': 10}",0.9,0.9666666666666667,0.9,0.9,0.9666666666666667,0.9266666666666665,0.03265986323710904,61
0.0016496658325195312,0.0013215816506303765,0.0010997295379638673,0.001054441508848574,entropy,3,1,20,"{'criterion': 'entropy', 'max_depth': 3, 'min_samples_leaf': 1, 'min_samples_split': 20}",0.9,0.9666666666666667,0.9,0.9,0.9666666666666667,0.9266666666666665,0.03265986323710904,61
0.0006683826446533203,0.0003606154141590892,0.00042600631713867186,0.0002525217400965944,entropy,3,2,2,"{'criterion': 'entropy', 'max_depth': 3, 'min_samples_leaf': 2, 'min_samples_split': 2}",0.9,0.9666666666666667,0.9,0.9,0.9666666666666667,0.9266666666666665,0.03265986323710904,61
0.0008315086364746094,0.0007080354818741697,0.00042467117309570314,0.00020454604515363097,entropy,3,2,5,"{'criterion': 'entropy', 'max_depth': 3, 'min_samples_leaf': 2, 'min_samples_split': 5}",0.9,0.9666666666666667,0.9,0.9,0.9666666666666667,0.9266666666666665,0.03265986323710904,61
0.0008153915405273438,0.0003584134692082101,0.0015326499938964843,0.002218769579457342,entropy,3,2,10,"{'criterion': 'entropy', 'max_depth': 3, 'min_samples_leaf': 2, 'min_samples_split': 10}",0.9,0.9666666666666667,0.9,0.9,0.9666666666666667,0.9266666666666665,0.03265986323710904,61
0.0009105682373046875,0.0004120249256423462,0.000502920150756836,0.00024902856994755686,entropy,3,2,20,"{'criterion': 'entropy', 'max_depth': 3, 'min_samples_leaf': 2, 'min_samples_split': 20}",0.9,0.9666666666666667,0.9,0.9,0.9666666666666667,0.9266666666666665,0.03265986323710904,61
0.0004497528076171875,2.068923842103452e-05,0.0002974987030029297,2.815940430278569e-05,entropy,3,4,2,"{'criterion': 'entropy', 'max_depth': 3, 'min_samples_leaf': 4, 'min_samples_split': 2}",0.9,0.8,0.9,0.9,0.9666666666666667,0.8933333333333333,0.053333333333333316,209
0.0004518985748291016,3.514603635736794e-05,0.0003070831298828125,3.493202404672815e-05,entropy,3,4,5,"{'criterion': 'entropy', 'max_depth': 3, 'min_samples_leaf': 4, 'min_samples_split': 5}",0.9,0.8,0.9,0.9,0.9666666666666667,0.8933333333333333,0.053333333333333316,209
0.0011204242706298827,0.0008759356556230324,0.0005353927612304687,0.0003054611019656889,entropy,3,4,10,"{'criterion': 'entropy', 'max_depth': 3, 'min_samples_leaf': 4, 'min_samples_split': 10}",0.9,0.8,0.9,0.9,0.9666666666666667,0.8933333333333333,0.053333333333333316,209
0.0010393142700195312,0.0004491842577516287,0.0008332252502441407,0.00048010726193067443,entropy,3,4,20,"{'criterion': 'entropy', 'max_depth': 3, 'min_samples_leaf': 4, 'min_samples_split': 20}",0.9,0.8,0.9,0.9,0.9666666666666667,0.8933333333333333,0.053333333333333316,209
0.0017041206359863282,0.0012714445716014873,0.0006893157958984375,0.00023052940841734415,entropy,3,8,2,"{'criterion': 'entropy', 'max_depth': 3, 'min_samples_leaf': 8, 'min_samples_split': 2}",0.9,0.8,0.9,0.9333333333333333,0.9666666666666667,0.9,0.05577733510227169,141
0.0005266189575195313,9.238114183317304e-05,0.0003070354461669922,1.8793313305880633e-05,entropy,3,8,5,"{'criterion': 'entropy', 'max_depth': 3, 'min_samples_leaf': 8, 'min_samples_split': 5}",0.9,0.8,0.9,0.9333333333333333,0.9666666666666667,0.9,0.05577733510227169,141
0.0013123035430908203,0.0017084532283803643,0.0003098487854003906,4.121418062777898e-05,entropy,3,8,10,"{'criterion': 'entropy', 'max_depth': 3, 'min_samples_leaf': 8, 'min_samples_split': 10}",0.9,0.8,0.9,0.9333333333333333,0.9666666666666667,0.9,0.05577733510227169,141
0.0007755279541015625,0.00041985988072689063,0.00047588348388671875,0.0002374398647266243,entropy,3,8,20,"{'criterion': 'entropy', 'max_depth': 3, 'min_samples_leaf': 8, 'min_samples_split': 20}",0.9,0.8,0.9,0.9333333333333333,0.9666666666666667,0.9,0.05577733510227169,141
0.00070343017578125,0.0002677395676721859,0.0005899906158447265,0.00038893951737618815,entropy,5,1,2,"{'criterion': 'entropy', 'max_depth': 5, 'min_samples_leaf': 1, 'min_samples_split': 2}",0.9666666666666667,1.0,0.9333333333333333,0.9333333333333333,1.0,0.9666666666666668,0.029814239699997188,1
0.000484466552734375,3.155170618513527e-05,0.000293731689453125,1.3701913874108126e-05,entropy,5,1,5,"{'criterion': 'entropy', 'max_depth': 5, 'min_samples_leaf': 1, 'min_samples_split': 5}",0.9666666666666667,1.0,0.9333333333333333,0.9,0.9666666666666667,0.9533333333333334,0.03399346342395189,16
0.0006282806396484375,0.00022156203535826673,0.00031604766845703123,4.0716309354418114e-05,entropy,5,1,10,"{'criterion': 'entropy', 'max_depth': 5, 'min_samples_leaf': 1, 'min_samples_split': 10}",0.9333333333333333,0.8,0.9333333333333333,0.9,0.9666666666666667,0.9066666666666666,0.0573488351136175,117
0.0014783382415771485,0.0006852782166529881,0.0013124942779541016,0.0007971896039152824,entropy,5,1,20,"{'criterion': 'entropy', 'max_depth': 5, 'min_samples_leaf': 1, 'min_samples_split': 20}",0.9333333333333333,0.8,0.9333333333333333,0.9,0.9666666666666667,0.9066666666666666,0.0573488351136175,117
0.0008533477783203125,0.0003600427286078153,0.00038700103759765626,8.762852945917858e-05,entropy,5,2,2,"{'criterion': 'entropy', 'max_depth': 5, 'min_samples_leaf': 2, 'min_samples_split': 2}",0.9666666666666667,1.0,0.9333333333333333,0.9,0.9666666666666667,0.9533333333333334,0.03399346342395189,16
0.00047359466552734377,1.7944288902480575e-05,0.00028481483459472654,7.5358376560739165e-06,entropy,5,2,5,"{'criterion': 'entropy', 'max_depth': 5, 'min_samples_leaf': 2, 'min_samples_split': 5}",0.9666666666666667,1.0,0.9333333333333333,0.9,0.9666666666666667,0.9533333333333334,0.03399346342395189,16
0.0010570526123046876,0.0005153353385384189,0.0010475635528564454,0.000801927692460473,entropy,5,2,10,"{'criterion': 'entropy', 'max_depth': 5, 'min_samples_leaf': 2, 'min_samples_split': 10}",0.9333333333333333,0.8,0.9333333333333333,0.9,0.9666666666666667,0.9066666666666666,0.0573488351136175,117
0.0007137298583984375,0.0002834825820390387,0.00031027793884277346,2.5228966924722977e-05,entropy,5,2,20,"{'criterion': 'entropy', 'max_depth': 5, 'min_samples_leaf': 2, 'min_samples_split': 20}",0.9333333333333333,0.8,0.9333333333333333,0.9,0.9666666666666667,0.9066666666666666,0.0573488351136175,117
0.0014348030090332031,0.0011266495724601042,0.0007666587829589844,0.0003753764841178077,entropy,5,4,2,"{'criterion': 'entropy', 'max_depth': 5, 'min_samples_leaf': 4, 'min_samples_split': 2}",0.9333333333333333,0.9666666666666667,0.9,0.8666666666666667,0.9666666666666667,0.9266666666666665,0.038873012632301994,61
0.001153421401977539,0.0012469211217062614,0.0004055023193359375,0.00019391193805926786,entropy,5,4,5,"{'criterion': 'entropy', 'max_depth': 5, 'min_samples_leaf': 4, 'min_samples_split': 5}",0.9333333333333333,0.9666666666666667,0.9,0.8666666666666667,0.9666666666666667,0.9266666666666665,0.038873012632301994,61
0.00047621726989746096,3.531995629583677e-05,0.00031213760375976564,4.045237569963493e-05,entropy,5,4,10,"{'criterion': 'entropy', 'max_depth': 5, 'min_samples_leaf': 4, 'min_samples_split': 10}",0.9333333333333333,0.8,0.9,0.8666666666666667,0.9666666666666667,0.8933333333333333,0.0573488351136175,209
0.0008744239807128906,0.00033901903342492806,0.000595998764038086,0.0002548264974882202,entropy,5,4,20,"{'criterion': 'entropy', 'max_depth': 5, 'min_samples_leaf': 4, 'min_samples_split': 20}",0.9333333333333333,0.8,0.9,0.8666666666666667,0.9666666666666667,0.8933333333333333,0.0573488351136175,209
0.0019299507141113282,0.0021828081336946062,0.0005568504333496094,0.0002373152763171133,entropy,5,8,2,"{'criterion': 'entropy', 'max_depth': 5, 'min_samples_leaf': 8, 'min_samples_split': 2}",0.9,0.8,0.9,0.9333333333333333,0.9666666666666667,0.9,0.05577733510227169,141
0.0006346225738525391,0.0003667695967384451,0.00029397010803222656,2.2108486834252496e-05,entropy,5,8,5,"{'criterion': 'entropy', 'max_depth': 5, 'min_samples_leaf': 8, 'min_samples_split': 5}",0.9,0.8,0.9,0.9333333333333333,0.9666666666666667,0.9,0.05577733510227169,141
0.0008563995361328125,0.00035120757800492666,0.00045342445373535155,0.00019517547766803264,entropy,5,8,10,"{'criterion': 'entropy', 'max_depth': 5, 'min_samples_leaf': 8, 'min_samples_split': 10}",0.9,0.8,0.9,0.9333333333333333,0.9666666666666667,0.9,0.05577733510227169,141
0.0007961273193359375,0.0003199635745338218,0.001215076446533203,0.001262304951282804,entropy,5,8,20,"{'criterion': 'entropy', 'max_depth': 5, 'min_samples_leaf': 8, 'min_samples_split': 20}",0.9,0.8,0.9,0.9333333333333333,0.9666666666666667,0.9,0.05577733510227169,141
0.0005066394805908203,5.2496284590836994e-05,0.0002947330474853516,2.0186269063619305e-05,entropy,7,1,2,"{'criterion': 'entropy', 'max_depth': 7, 'min_samples_leaf': 1, 'min_samples_split': 2}",0.9666666666666667,0.9,0.9333333333333333,0.9333333333333333,1.0,0.9466666666666667,0.03399346342395189,24
0.00044884681701660154,9.885145965461685e-06,0.0002765178680419922,2.886342229923545e-06,entropy,7,1,5,"{'criterion': 'entropy', 'max_depth': 7, 'min_samples_leaf': 1, 'min_samples_split': 5}",0.9666666666666667,0.9,0.9333333333333333,0.9,0.9666666666666667,0.9333333333333332,0.029814239699997188,44
0.0005198001861572265,5.451010019259475e-05,0.0008351325988769532,0.0010744069559218883,entropy,7,1,10,"{'criterion': 'entropy', 'max_depth': 7, 'min_samples_leaf': 1, 'min_samples_split': 10}",0.9333333333333333,0.8,0.9333333333333333,0.9,0.9666666666666667,0.9066666666666666,0.0573488351136175,117
0.0004573345184326172,1.4730641310631867e-05,0.00029673576354980467,2.877529528805222e-05,entropy,7,1,20,"{'criterion': 'entropy', 'max_depth': 7, 'min_samples_leaf': 1, 'min_samples_split': 20}",0.9333333333333333,0.8,0.9333333333333333,0.9,0.9666666666666667,0.9066666666666666,0.0573488351136175,117
0.0005873680114746094,0.0001757784756716371,0.0004230022430419922,0.00024724530386458616,entropy,7,2,2,"{'criterion': 'entropy', 'max_depth': 7, 'min_samples_leaf': 2, 'min_samples_split': 2}",0.9666666666666667,0.9666666666666667,0.9333333333333333,0.9,0.9666666666666667,0.9466666666666667,0.026666666666666658,24
0.0006916046142578125,0.00043444487726701633,0.00032176971435546873,5.389348485577748e-05,entropy,7,2,5,"{'criterion': 'entropy', 'max_depth': 7, 'min_samples_leaf': 2, 'min_samples_split': 5}",0.9666666666666667,0.9666666666666667,0.9333333333333333,0.9,0.9666666666666667,0.9466666666666667,0.026666666666666658,24
0.0017705917358398437,0.001145290766344477,0.0009649753570556641,0.0003647987074416067,entropy,7,2,10,"{'criterion': 'entropy', 'max_depth': 7, 'min_samples_leaf': 2, 'min_samples_split': 10}",0.9333333333333333,0.8,0.9333333333333333,0.9,0.9666666666666667,0.9066666666666666,0.0573488351136175,117
0.0006360054016113281,0.00016749767030147187,0.00039992332458496096,7.642624232648512e-05,entropy,7,2,20,"{'criterion': 'entropy', 'max_depth': 7, 'min_samples_leaf': 2, 'min_samples_split': 20}",0.9333333333333333,0.8,0.9333333333333333,0.9,0.9666666666666667,0.9066666666666666,0.0573488351136175,117
0.0005426883697509765,0.00015281432457409308,0.00033769607543945315,9.978671760863762e-05,entropy,7,4,2,"{'criterion': 'entropy', 'max_depth': 7, 'min_samples_leaf': 4, 'min_samples_split': 2}",0.9333333333333333,0.9666666666666667,0.9,0.8666666666666667,0.9666666666666667,0.9266666666666665,0.038873012632301994,61
0.001574563980102539,0.0009515365291041961,0.0007425785064697265,0.00017650284412834333,entropy,7,4,5,"{'criterion': 'entropy', 'max_depth': 7, 'min_samples_leaf': 4, 'min_samples_split': 5}",0.9333333333333333,0.9666666666666667,0.9,0.8666666666666667,0.9666666666666667,0.9266666666666665,0.038873012632301994,61
0.0011423587799072265,0.0005159387438654513,0.0016001224517822265,0.0017479800366031915,entropy,7,4,10,"{'criterion': 'entropy', 'max_depth': 7, 'min_samples_leaf': 4, 'min_samples_split': 10}",0.9333333333333333,0.8,0.9,0.8666666666666667,0.9666666666666667,0.8933333333333333,0.0573488351136175,209
0.0010589122772216796,0.0008749051605401251,0.0003949642181396484,0.00010764925973933976,entropy,7,4,20,"{'criterion': 'entropy', 'max_depth': 7, 'min_samples_leaf': 4, 'min_samples_split': 20}",0.9333333333333333,0.8,0.9,0.8666666666666667,0.9666666666666667,0.8933333333333333,0.0573488351136175,209
0.0021602153778076173,0.002077676962526875,0.0006705284118652344,0.0002752354552691078,entropy,7,8,2,"{'criterion': 'entropy', 'max_depth': 7, 'min_samples_leaf': 8, 'min_samples_split': 2}",0.9,0.8,0.9,0.9333333333333333,0.9666666666666667,0.9,0.05577733510227169,141
0.0006291389465332032,0.00029211370451996736,0.0004376888275146484,0.0001858496543458863,entropy,7,8,5,"{'criterion': 'entropy', 'max_depth': 7, 'min_samples_leaf': 8, 'min_samples_split': 5}",0.9,0.8,0.9,0.9333333333333333,0.9666666666666667,0.9,0.05577733510227169,141
0.0017356395721435547,0.001000807797165541,0.0004754066467285156,0.00020618788295397308,entropy,7,8,10,"{'criterion': 'entropy', 'max_depth': 7, 'min_samples_leaf': 8, 'min_samples_split': 10}",0.9,0.8,0.9,0.9333333333333333,0.9666666666666667,0.9,0.05577733510227169,141
0.0010494709014892579,0.00042552835254015424,0.000819540023803711,0.0005503976135293748,entropy,7,8,20,"{'criterion': 'entropy', 'max_depth': 7, 'min_samples_leaf': 8, 'min_samples_split': 20}",0.9,0.8,0.9,0.9333333333333333,0.9666666666666667,0.9,0.05577733510227169,141
0.004224586486816406,0.003083361270481892,0.0008301258087158204,0.00036760778433792934,entropy,10,1,2,"{'criterion': 'entropy', 'max_depth': 10, 'min_samples_leaf': 1, 'min_samples_split': 2}",0.9666666666666667,0.9,0.9333333333333333,0.9333333333333333,1.0,0.9466666666666667,0.03399346342395189,24
0.0009360790252685546,0.00034430655614422627,0.0006951332092285156,0.00028006017184694547,entropy,10,1,5,"{'criterion': 'entropy', 'max_depth': 10, 'min_samples_leaf': 1, 'min_samples_split': 5}",0.9666666666666667,0.9,0.9333333333333333,0.9,0.9666666666666667,0.9333333333333332,0.029814239699997188,44
0.00216217041015625,0.0010636930308504345,0.0007672309875488281,0.00040937737782420833,entropy,10,1,10,"{'criterion': 'entropy', 'max_depth': 10, 'min_samples_leaf': 1, 'min_samples_split': 10}",0.9333333333333333,0.8,0.9333333333333333,0.9,0.9666666666666667,0.9066666666666666,0.0573488351136175,117
0.0010407447814941406,0.0003643895342441614,0.0007872581481933594,0.00041456544483023725,entropy,10,1,20,"{'criterion': 'entropy', 'max_depth': 10, 'min_samples_leaf': 1, 'min_samples_split': 20}",0.9333333333333333,0.8,0.9333333333333333,0.9,0.9666666666666667,0.9066666666666666,0.0573488351136175,117
0.0006665229797363281,0.00022642845301431563,0.00048427581787109376,0.0003071907103798146,entropy,10,2,2,"{'criterion': 'entropy', 'max_depth': 10, 'min_samples_leaf': 2, 'min_samples_split': 2}",0.9666666666666667,0.9666666666666667,0.9333333333333333,0.9,0.9666666666666667,0.9466666666666667,0.026666666666666658,24
0.002208709716796875,0.00231984040458511,0.0006803512573242187,0.0002628276759427388,entropy,10,2,5,"{'criterion': 'entropy', 'max_depth': 10, 'min_samples_leaf': 2, 'min_samples_split': 5}",0.9666666666666667,0.9666666666666667,0.9333333333333333,0.9,0.9666666666666667,0.9466666666666667,0.026666666666666658,24
0.0006143569946289063,0.0001279943563562176,0.0003107547760009766,1.6447495374534684e-05,entropy,10,2,10,"{'criterion': 'entropy', 'max_depth': 10, 'min_samples_leaf': 2, 'min_samples_split': 10}",0.9333333333333333,0.8,0.9333333333333333,0.9,0.9666666666666667,0.9066666666666666,0.0573488351136175,117
0.002562427520751953,0.0035618698106280925,0.0010721206665039063,0.0014534884007086875,entropy,10,2,20,"{'criterion': 'entropy', 'max_depth': 10, 'min_samples_leaf': 2, 'min_samples_split': 20}",0.9333333333333333,0.8,0.9333333333333333,0.9,0.9666666666666667,0.9066666666666666,0.0573488351136175,117
0.0006498336791992187,0.0002768776464530686,0.00041146278381347655,0.0002252774952765626,entropy,10,4,2,"{'criterion': 'entropy', 'max_depth': 10, 'min_samples_leaf': 4, 'min_samples_split': 2}",0.9333333333333333,0.9666666666666667,0.9,0.8666666666666667,0.9666666666666667,0.9266666666666665,0.038873012632301994,61
0.0007696151733398438,0.0002979471109471639,0.0008232593536376953,0.0007480918230606987,entropy,10,4,5,"{'criterion': 'entropy', 'max_depth': 10, 'min_samples_leaf': 4, 'min_samples_split': 5}",0.9333333333333333,0.9666666666666667,0.9,0.8666666666666667,0.9666666666666667,0.9266666666666665,0.038873012632301994,61
0.0005228042602539063,5.508416577385793e-05,0.0004714012145996094,0.00026848072183514914,entropy,10,4,10,"{'criterion': 'entropy', 'max_depth': 10, 'min_samples_leaf': 4, 'min_samples_split': 10}",0.9333333333333333,0.8,0.9,0.8666666666666667,0.9666666666666667,0.8933333333333333,0.0573488351136175,209
0.0011039257049560546,0.0006107944580344092,0.0005918502807617188,0.00028012698113876605,entropy,10,4,20,"{'criterion': 'entropy', 'max_depth': 10, 'min_samples_leaf': 4, 'min_samples_split': 20}",0.9333333333333333,0.8,0.9,0.8666666666666667,0.9666666666666667,0.8933333333333333,0.0573488351136175,209
0.0007580280303955078,0.0005221513763521712,0.00042977333068847654,0.00014382823639228826,entropy,10,8,2,"{'criterion': 'entropy', 'max_depth': 10, 'min_samples_leaf': 8, 'min_samples_split': 2}",0.9,0.8,0.9,0.9333333333333333,0.9666666666666667,0.9,0.05577733510227169,141
0.001233053207397461,0.0014542090500725292,0.0005567550659179687,0.0004040807491625005,entropy,10,8,5,"{'criterion': 'entropy', 'max_depth': 10, 'min_samples_leaf': 8, 'min_samples_split': 5}",0.9,0.8,0.9,0.9333333333333333,0.9666666666666667,0.9,0.05577733510227169,141
0.001105022430419922,0.0006460258627402054,0.0007371902465820312,0.0005269198609771773,entropy,10,8,10,"{'criterion': 'entropy', 'max_depth': 10, 'min_samples_leaf': 8, 'min_samples_split': 10}",0.9,0.8,0.9,0.9333333333333333,0.9666666666666667,0.9,0.05577733510227169,141
0.003161191940307617,0.0024630364683480128,0.0009521961212158204,0.00029198189608582536,entropy,10,8,20,"{'criterion': 'entropy', 'max_depth': 10, 'min_samples_leaf': 8, 'min_samples_split': 20}",0.9,0.8,0.9,0.9333333333333333,0.9666666666666667,0.9,0.05577733510227169,141
0.0012918472290039062,0.0008019228893820495,0.0009542465209960938,0.00037605972210248413,entropy,15,1,2,"{'criterion': 'entropy', 'max_depth': 15, 'min_samples_leaf': 1, 'min_samples_split': 2}",0.9666666666666667,0.9,0.9333333333333333,0.9333333333333333,1.0,0.9466666666666667,0.03399346342395189,24
0.002046680450439453,0.0025015747291148886,0.0005101680755615235,0.000211835593134984,entropy,15,1,5,"{'criterion': 'entropy', 'max_depth': 15, 'min_samples_leaf': 1, 'min_samples_split': 5}",0.9666666666666667,0.9,0.9333333333333333,0.9,0.9666666666666667,0.9333333333333332,0.029814239699997188,44
0.0006409645080566406,0.0001294719224500046,0.002061796188354492,0.003464119875559771,entropy,15,1,10,"{'criterion': 'entropy', 'max_depth': 15, 'min_samples_leaf': 1, 'min_samples_split': 10}",0.9333333333333333,0.8,0.9333333333333333,0.9,0.9666666666666667,0.9066666666666666,0.0573488351136175,117
0.0013030529022216796,0.0005480464686718422,0.0007298469543457031,0.00032776172710323703,entropy,15,1,20,"{'criterion': 'entropy', 'max_depth': 15, 'min_samples_leaf': 1, 'min_samples_split': 20}",0.9333333333333333,0.8,0.9333333333333333,0.9,0.9666666666666667,0.9066666666666666,0.0573488351136175,117
0.0006695747375488281,0.000298216512941768,0.0007967948913574219,0.0005273666560711093,entropy,15,2,2,"{'criterion': 'entropy', 'max_depth': 15, 'min_samples_leaf': 2, 'min_samples_split': 2}",0.9666666666666667,0.9666666666666667,0.9333333333333333,0.9,0.9666666666666667,0.9466666666666667,0.026666666666666658,24
0.0011660099029541016,0.0005616401848696766,0.000622415542602539,0.0003152348273491664,entropy,15,2,5,"{'criterion': 'entropy', 'max_depth': 15, 'min_samples_leaf': 2, 'min_samples_split': 5}",0.9666666666666667,0.9666666666666667,0.9333333333333333,0.9,0.9666666666666667,0.9466666666666667,0.026666666666666658,24
0.0009317874908447265,0.00032846845181767214,0.0011010169982910156,0.0004023690841783602,entropy,15,2,10,"{'criterion': 'entropy', 'max_depth': 15, 'min_samples_leaf': 2, 'min_samples_split': 10}",0.9333333333333333,0.8,0.9333333333333333,0.9,0.9666666666666667,0.9066666666666666,0.0573488351136175,117
0.0014835357666015624,0.0018562119081021724,0.00036878585815429686,8.988164145298401e-05,entropy,15,2,20,"{'criterion': 'entropy', 'max_depth': 15, 'min_samples_leaf': 2, 'min_samples_split': 20}",0.9333333333333333,0.8,0.9333333333333333,0.9,0.9666666666666667,0.9066666666666666,0.0573488351136175,117
0.001313018798828125,0.000612942894383072,0.0022747993469238283,0.0028919235616819863,entropy,15,4,2,"{'criterion': 'entropy', 'max_depth': 15, 'min_samples_leaf': 4, 'min_samples_split': 2}",0.9333333333333333,0.9666666666666667,0.9,0.8666666666666667,0.9666666666666667,0.9266666666666665,0.038873012632301994,61
0.0015072822570800781,0.0017009479028755093,0.0004024505615234375,0.0001717674404543797,entropy,15,4,5,"{'criterion': 'entropy', 'max_depth': 15, 'min_samples_leaf': 4, 'min_samples_split': 5}",0.9333333333333333,0.9666666666666667,0.9,0.8666666666666667,0.9666666666666667,0.9266666666666665,0.038873012632301994,61
0.0005031585693359375,4.490747954847532e-05,0.0005017757415771484,0.0003924438353133476,entropy,15,4,10,"{'criterion': 'entropy', 'max_depth': 15, 'min_samples_leaf': 4, 'min_samples_split': 10}",0.9333333333333333,0.8,0.9,0.8666666666666667,0.9666666666666667,0.8933333333333333,0.0573488351136175,209
0.002361488342285156,0.0014138303631035566,0.00082855224609375,0.00032286366864481226,entropy,15,4,20,"{'criterion': 'entropy', 'max_depth': 15, 'min_samples_leaf': 4, 'min_samples_split': 20}",0.9333333333333333,0.8,0.9,0.8666666666666667,0.9666666666666667,0.8933333333333333,0.0573488351136175,209
0.0028677463531494142,0.0031925038961073994,0.00688328742980957,0.01259452222880738,entropy,15,8,2,"{'criterion': 'entropy', 'max_depth': 15, 'min_samples_leaf': 8, 'min_samples_split': 2}",0.9,0.8,0.9,0.9333333333333333,0.9666666666666667,0.9,0.05577733510227169,141
0.00309901237487793,0.0018114096304735832,0.0005713462829589844,0.00013559949319016175,entropy,15,8,5,"{'criterion': 'entropy', 'max_depth': 15, 'min_samples_leaf': 8, 'min_samples_split': 5}",0.9,0.8,0.9,0.9333333333333333,0.9666666666666667,0.9,0.05577733510227169,141
0.0020163536071777345,0.0017358034246994561,0.0009566783905029297,0.0009677792515968594,entropy,15,8,10,"{'criterion': 'entropy', 'max_depth': 15, 'min_samples_leaf': 8, 'min_samples_split': 10}",0.9,0.8,0.9,0.9333333333333333,0.9666666666666667,0.9,0.05577733510227169,141
0.0006856918334960938,0.00022560833462350845,0.001500415802001953,0.0016814905830010865,entropy,15,8,20,"{'criterion': 'entropy', 'max_depth': 15, 'min_samples_leaf': 8, 'min_samples_split': 20}",0.9,0.8,0.9,0.9333333333333333,0.9666666666666667,0.9,0.05577733510227169,141
0.0016594409942626953,0.0009255162146845355,0.0013302326202392577,0.000836004004265959,entropy,20,1,2,"{'criterion': 'entropy', 'max_depth': 20, 'min_samples_leaf': 1, 'min_samples_split': 2}",0.9666666666666667,0.9,0.9333333333333333,0.9333333333333333,1.0,0.9466666666666667,0.03399346342395189,24
0.001965188980102539,0.0014506671389002172,0.0008338451385498047,0.0006977473036018281,entropy,20,1,5,"{'criterion': 'entropy', 'max_depth': 20, 'min_samples_leaf': 1, 'min_samples_split': 5}",0.9666666666666667,0.9,0.9333333333333333,0.9,0.9666666666666667,0.9333333333333332,0.029814239699997188,44
0.002733802795410156,0.003655408452492253,0.0009058952331542969,0.0005836293701953802,entropy,20,1,10,"{'criterion': 'entropy', 'max_depth': 20, 'min_samples_leaf': 1, 'min_samples_split': 10}",0.9333333333333333,0.8,0.9333333333333333,0.9,0.9666666666666667,0.9066666666666666,0.0573488351136175,117
0.0010011672973632812,0.000570017198074403,0.0007094383239746094,0.0003705446177584097,entropy,20,1,20,"{'criterion': 'entropy', 'max_depth': 20, 'min_samples_leaf': 1, 'min_samples_split': 20}",0.9333333333333333,0.8,0.9333333333333333,0.9,0.9666666666666667,0.9066666666666666,0.0573488351136175,117
0.000585174560546875,0.0001127542538237856,0.0012009143829345703,0.001487077322936257,entropy,20,2,2,"{'criterion': 'entropy', 'max_depth': 20, 'min_samples_leaf': 2, 'min_samples_split': 2}",0.9666666666666667,0.9666666666666667,0.9333333333333333,0.9,0.9666666666666667,0.9466666666666667,0.026666666666666658,24
0.0006726264953613281,0.00020576136127953127,0.0006499767303466796,0.0006773503369583889,entropy,20,2,5,"{'criterion': 'entropy', 'max_depth': 20, 'min_samples_leaf': 2, 'min_samples_split': 5}",0.9666666666666667,0.9666666666666667,0.9333333333333333,0.9,0.9666666666666667,0.9466666666666667,0.026666666666666658,24
0.0021905899047851562,0.001746420534798761,0.0007800102233886719,0.00022292071357670775,entropy,20,2,10,"{'criterion': 'entropy', 'max_depth': 20, 'min_samples_leaf': 2, 'min_samples_split': 10}",0.9333333333333333,0.8,0.9333333333333333,0.9,0.9666666666666667,0.9066666666666666,0.0573488351136175,117
0.0011179447174072266,0.0006081776535809049,0.0006571769714355469,0.0003072877018877623,entropy,20,2,20,"{'criterion': 'entropy', 'max_depth': 20, 'min_samples_leaf': 2, 'min_samples_split': 20}",0.9333333333333333,0.8,0.9333333333333333,0.9,0.9666666666666667,0.9066666666666666,0.0573488351136175,117
0.0009789466857910156,0.0003209412703995351,0.0005803108215332031,0.0002459678870723959,entropy,20,4,2,"{'criterion': 'entropy', 'max_depth': 20, 'min_samples_leaf': 4, 'min_samples_split': 2}",0.9333333333333333,0.9666666666666667,0.9,0.8666666666666667,0.9666666666666667,0.9266666666666665,0.038873012632301994,61
0.0005864620208740235,9.873712183093197e-05,0.0008585929870605468,0.0010596922908822357,entropy,20,4,5,"{'criterion': 'entropy', 'max_depth': 20, 'min_samples_leaf': 4, 'min_samples_split': 5}",0.9333333333333333,0.9666666666666667,0.9,0.8666666666666667,0.9666666666666667,0.9266666666666665,0.038873012632301994,61
0.0007606983184814453,0.0005716977775739814,0.0004352092742919922,0.00016956074565779844,entropy,20,4,10,"{'criterion': 'entropy', 'max_depth': 20, 'min_samples_leaf': 4, 'min_samples_split': 10}",0.9333333333333333,0.8,0.9,0.8666666666666667,0.9666666666666667,0.8933333333333333,0.0573488351136175,209
0.008365774154663086,0.013228558863817207,0.0009273529052734375,0.0005558077120307028,entropy,20,4,20,"{'criterion': 'entropy', 'max_depth': 20, 'min_samples_leaf': 4, 'min_samples_split': 20}",0.9333333333333333,0.8,0.9,0.8666666666666667,0.9666666666666667,0.8933333333333333,0.0573488351136175,209
0.0012386798858642577,0.00049246110046979,0.0027307987213134764,0.004000390769820048,entropy,20,8,2,"{'criterion': 'entropy', 'max_depth': 20, 'min_samples_leaf': 8, 'min_samples_split': 2}",0.9,0.8,0.9,0.9333333333333333,0.9666666666666667,0.9,0.05577733510227169,141
0.0012463092803955077,0.00038042290223824494,0.0010837554931640626,0.000652265557420821,entropy,20,8,5,"{'criterion': 'entropy', 'max_depth': 20, 'min_samples_leaf': 8, 'min_samples_split': 5}",0.9,0.8,0.9,0.9333333333333333,0.9666666666666667,0.9,0.05577733510227169,141
0.0009206295013427735,0.0004743020522117865,0.0008461475372314453,0.0006591892317626227,entropy,20,8,10,"{'criterion': 'entropy', 'max_depth': 20, 'min_samples_leaf': 8, 'min_samples_split': 10}",0.9,0.8,0.9,0.9333333333333333,0.9666666666666667,0.9,0.05577733510227169,141
0.0013144969940185546,0.0004647398296128123,0.0014109611511230469,0.0010828918845762067,entropy,20,8,20,"{'criterion': 'entropy', 'max_depth': 20, 'min_samples_leaf': 8, 'min_samples_split': 20}",0.9,0.8,0.9,0.9333333333333333,0.9666666666666667,0.9,0.05577733510227169,141
0.005963182449340821,0.0078102708329285024,0.002763986587524414,0.004025553526201198,entropy,,1,2,"{'criterion': 'entropy', 'max_depth': None, 'min_samples_leaf': 1, 'min_samples_split': 2}",0.9666666666666667,0.9,0.9333333333333333,0.9333333333333333,1.0,0.9466666666666667,0.03399346342395189,24
0.00055999755859375,6.255467458118136e-05,0.0007560253143310547,0.0003444809055438622,entropy,,1,5,"{'criterion': 'entropy', 'max_depth': None, 'min_samples_leaf': 1, 'min_samples_split': 5}",0.9666666666666667,0.9,0.9333333333333333,0.9,0.9666666666666667,0.9333333333333332,0.029814239699997188,44
0.010518503189086915,0.01741619879443282,0.0027597427368164064,0.004636216600546534,entropy,,1,10,"{'criterion': 'entropy', 'max_depth': None, 'min_samples_leaf': 1, 'min_samples_split': 10}",0.9333333333333333,0.8,0.9333333333333333,0.9,0.9666666666666667,0.9066666666666666,0.0573488351136175,117
0.0022703170776367187,0.0016675389186757688,0.001069498062133789,0.0008488028284272453,entropy,,1,20,"{'criterion': 'entropy', 'max_depth': None, 'min_samples_leaf': 1, 'min_samples_split': 20}",0.9333333333333333,0.8,0.9333333333333333,0.9,0.9666666666666667,0.9066666666666666,0.0573488351136175,117
0.005473947525024414,0.005882671226627345,0.000763559341430664,0.0005439084927250454,entropy,,2,2,"{'criterion': 'entropy', 'max_depth': None, 'min_samples_leaf': 2, 'min_samples_split': 2}",0.9666666666666667,0.9666666666666667,0.9333333333333333,0.9,0.9666666666666667,0.9466666666666667,0.026666666666666658,24
0.0021493911743164064,0.0012750963475495114,0.0013698577880859376,0.0012984971582219377,entropy,,2,5,"{'criterion': 'entropy', 'max_depth': None, 'min_samples_leaf': 2, 'min_samples_split': 5}",0.9666666666666667,0.9666666666666667,0.9333333333333333,0.9,0.9666666666666667,0.9466666666666667,0.026666666666666658,24
0.0016437053680419921,0.0009522357151411831,0.00048809051513671876,0.00019058939631851505,entropy,,2,10,"{'criterion': 'entropy', 'max_depth': None, 'min_samples_leaf': 2, 'min_samples_split': 10}",0.9333333333333333,0.8,0.9333333333333333,0.9,0.9666666666666667,0.9066666666666666,0.0573488351136175,117
0.0009314537048339844,0.0004506822156568631,0.0006824970245361328,0.00044135519315516617,entropy,,2,20,"{'criterion': 'entropy', 'max_depth': None, 'min_samples_leaf': 2, 'min_samples_split': 20}",0.9333333333333333,0.8,0.9333333333333333,0.9,0.9666666666666667,0.9066666666666666,0.0573488351136175,117
0.0012669563293457031,0.0004235385102032752,0.002861690521240234,0.0024043937230800215,entropy,,4,2,"{'criterion': 'entropy', 'max_depth': None, 'min_samples_leaf': 4, 'min_samples_split': 2}",0.9333333333333333,0.9666666666666667,0.9,0.8666666666666667,0.9666666666666667,0.9266666666666665,0.038873012632301994,61
0.0012495040893554688,0.00035607328769188056,0.0006991386413574219,0.0004340334790513687,entropy,,4,5,"{'criterion': 'entropy', 'max_depth': None, 'min_samples_leaf': 4, 'min_samples_split': 5}",0.9333333333333333,0.9666666666666667,0.9,0.8666666666666667,0.9666666666666667,0.9266666666666665,0.038873012632301994,61
0.0009131431579589844,0.0003127559980835719,0.001558685302734375,0.0022087162568270586,entropy,,4,10,"{'criterion': 'entropy', 'max_depth': None, 'min_samples_leaf': 4, 'min_samples_split': 10}",0.9333333333333333,0.8,0.9,0.8666666666666667,0.9666666666666667,0.8933333333333333,0.0573488351136175,209
0.001436901092529297,0.0009710813417410328,0.0005301952362060547,0.00016340600657192885,entropy,,4,20,"{'criterion': 'entropy', 'max_depth': None, 'min_samples_leaf': 4, 'min_samples_split': 20}",0.9333333333333333,0.8,0.9,0.8666666666666667,0.9666666666666667,0.8933333333333333,0.0573488351136175,209
0.003078317642211914,0.004136113341969865,0.0004509925842285156,0.00017552087564337728,entropy,,8,2,"{'criterion': 'entropy', 'max_depth': None, 'min_samples_leaf': 8, 'min_samples_split': 2}",0.9,0.8,0.9,0.9333333333333333,0.9666666666666667,0.9,0.05577733510227169,141
0.0010023117065429688,0.0007717220280677269,0.00036363601684570314,7.355781561035496e-05,entropy,,8,5,"{'criterion': 'entropy', 'max_depth': None, 'min_samples_leaf': 8, 'min_samples_split': 5}",0.9,0.8,0.9,0.9333333333333333,0.9666666666666667,0.9,0.05577733510227169,141
0.0013798713684082032,0.00030698043723253256,0.0007213592529296875,0.00021080089012227634,entropy,,8,10,"{'criterion': 'entropy', 'max_depth': None, 'min_samples_leaf': 8, 'min_samples_split': 10}",0.9,0.8,0.9,0.9333333333333333,0.9666666666666667,0.9,0.05577733510227169,141
0.0009107589721679688,0.00035359225998258994,0.0005572795867919922,0.0002925807912994754,entropy,,8,20,"{'criterion': 'entropy', 'max_depth': None, 'min_samples_leaf': 8, 'min_samples_split': 20}",0.9,0.8,0.9,0.9333333333333333,0.9666666666666667,0.9,0.05577733510227169,141
